time,coin,dir,px,sz,ntl,fee,closedPnl
2025/10/31 18:43:07,ETH,Open Long,3851.4,0.647,2491.8558000000003,1.121334,-1.121334
2025/10/31 18:51:00,ETH,Close Long,3846.1,0.647,2488.4267,1.119791,-4.548891
2025/10/31 21:30:16,SOL,Open Short,186.73,3.96,739.4508,0.332751,-0.332751
2025/10/31 21:45:09,ETH,Open Short,3836.4,0.449,1722.5436,0.775144,-0.775144
2025/10/31 22:10:39,SOL,Close Short,188.541969697,3.96,746.6262000001201,0.335981,-7.511381
2025/10/31 22:12:18,ETH,Close Short,3854.1,0.449,1730.4909,0.77872,-8.72602
2025/10/31 22:15:26,BNB,Open Short,1079,0.352,379.808,0.170913,-0.170913
2025/10/31 22:54:39,BNB,Close Short,1085,0.352,381.91999999999996,0.171864,-2.283864
2025/10/31 22:57:57,HYPE,Open Short,44.893,8.42,377.99906,0.170099,-0.170099
2025/10/31 23:13:13,XRP,Open Short,2.5309,149,377.1041,0.169696,-0.169696
2025/10/31 23:40:13,HYPE,Close Short,44.17,8.42,371.9114,0.16736,5.920299999999999
2025/10/31 23:40:17,SOL,Open Short,188.31,3.8,715.578,0.32201,-0.32201
2025/10/31 23:53:52,XRP,Close Short,2.5241,149,376.0909,0.16924,0.84396
2025/10/31 23:56:56,HYPE,Open Short,44.051,8.72,384.12472,0.172856,-0.172856
2025/11/1 00:12:00,ETH,Open Short,3849.8,0.3369,1296.9976199999999,0.583648,-0.583648
2025/11/1 01:20:53,HYPE,Close Short,42.498,8.72,370.58256,0.166762,13.375398
2025/11/1 01:27:06,HYPE,Open Short,42.782,9.62,411.56283999999994,0.185203,-0.185203
2025/11/1 01:39:04,HYPE,Close Short,43.132,9.62,414.92983999999996,0.186718,-3.553718
2025/11/1 02:20:59,BNB,Open Short,1077.1,0.4,430.84,0.193878,-0.193878
2025/11/1 02:53:55,SOL,Close Short,185.6895526316,3.8,705.62030000008,0.317528,9.640172000000002
2025/11/1 03:05:56,SOL,Open Short,185.2,2.7,500.04,0.225018,-0.225018
2025/11/1 03:44:17,SOL,Close Short,188.54,2.7,509.058,0.229076,-9.247076
2025/11/1 03:54:06,SOL,Open Short,188.87,1.98,373.9626,0.168283,-0.168283
2025/11/1 04:06:01,SOL,Close Short,187.9882828283,1.98,372.21680000003397,0.167495,1.578305
2025/11/1 04:35:57,BNB,Close Short,1087.6,0.4,435.03999999999996,0.195768,-4.395768
2025/11/1 05:00:05,SOL,Open Short,186.86,2.07,386.8002,0.17406,-0.17406
2025/11/1 06:11:48,ETH,Close Short,3863.3,0.3369,1301.54577,0.585695,-5.133845
2025/11/1 06:11:51,SOL,Close Short,187.55,2.07,388.2285,0.174702,-1.6030019999999998
2025/11/1 06:23:53,ETH,Open Long,3854.1,0.6203,2390.69823,1.075813,-1.075813
2025/11/1 06:29:54,ETH,Close Long,3855.242447203,0.6203,2391.4068900000207,1.076132,-0.36747200000000013
2025/11/1 06:39:08,BNB,Open Long,1088.4,0.459,499.57560000000007,0.224809,-0.224809
2025/11/1 07:41:48,BNB,Close Long,1089.8,0.459,500.2182,0.225098,0.41750199999999993
2025/11/1 07:45:05,HYPE,Open Short,43.829,11.41,500.08889,0.22504,-0.22504
2025/11/1 07:59:53,ETH,Open Short,3845.9,0.4899,1884.10641,0.847847,-0.847847
2025/11/1 08:59:29,HYPE,Close Short,44.21,11.41,504.4361,0.226996,-4.574205999999999
2025/11/1 10:33:04,SOL,Open Short,185.84,2.03,377.25519999999995,0.169764,-0.169764
2025/11/1 10:35:58,BNB,Open Short,1081.9,0.091,98.4529,0.044303,-0.044303
2025/11/1 11:09:02,SOL,Close Short,186.77,2.03,379.1431,0.170614,-2.0585139999999997
2025/11/1 11:09:05,BNB,Close Short,1087.8,0.091,98.98979999999999,0.044545,-0.581445
2025/11/1 11:21:03,SOL,Open Short,187.1,1.98,370.45799999999997,0.166706,-0.166706
2025/11/1 12:17:56,SOL,Close Short,186.31,1.98,368.8938,0.166002,1.398198
2025/11/1 13:20:54,ETH,Close Short,3864.8259848949,0.4899,1893.3782500000116,0.852018,-10.123857999999998
2025/11/1 13:24:09,HYPE,Open Long,44.35,8.3,368.105,0.165647,-0.165647
2025/11/1 13:41:58,HYPE,Close Long,44.376,8.3,368.3208,0.165744,0.05005599999999999
2025/11/1 13:48:02,BNB,Open Long,1087.1,0.339,368.5269,0.165837,-0.165837
2025/11/1 13:50:58,BNB,Close Long,1086,0.339,368.15400000000005,0.165669,-0.5385690000000001
2025/11/1 13:57:04,ETH,Open Long,3852.3955324152,0.5954,2293.71630000001,1.03217,-1.03217
2025/11/1 14:02:58,ETH,Close Long,3856,0.5954,2295.8624,1.033138,1.1162560000000001
2025/11/1 14:12:04,SOL,Open Short,186.02,1.97,366.4594,0.164906,-0.164906
2025/11/1 14:23:57,HYPE,Open Short,43.591,8.44,367.90803999999997,0.165558,-0.165558
2025/11/1 15:12:04,ADA,Open Short,0.61139,600,366.834,0.165075,-0.165075
2025/11/1 15:57:07,HYPE,Close Short,43.847,8.44,370.06868,0.16653,-2.3271699999999997
2025/11/1 16:09:43,XRP,Open Short,2.502,146,365.292,0.164381,-0.164381
2025/11/1 16:15:05,ADA,Close Short,0.613546,600,368.12760000000003,0.165654,-1.459254
2025/11/1 17:02:54,XRP,Close Short,2.5105,146,366.533,0.164939,-1.405939
2025/11/1 17:56:58,HYPE,Open Short,43.204,10.42,450.18568,0.202583,-0.202583
2025/11/1 18:50:57,HYPE,Close Short,43.496,10.42,453.22832,0.203952,-3.246592
2025/11/1 19:24:11,ADA,Open Short,0.61241,588,360.09708,0.162043,-0.162043
2025/11/1 19:27:02,ETH,Open Short,3873,0.3928,1521.3144,0.684591,-0.684591
2025/11/1 19:39:02,SOL,Close Short,185.6479695431,1.97,365.726499999907,0.164574,0.568326
2025/11/1 20:36:05,SOL,Open Short,186.44,1.97,367.28679999999997,0.165279,-0.165279
2025/11/1 21:02:48,ADA,Close Short,0.61217,588,359.95596,0.16198,-0.020860000000000017
2025/11/1 21:20:56,BNB,Open Short,1087.1,0.331,359.8301,0.161923,-0.161923
2025/11/1 22:45:00,ETH,Close Short,3871.2,0.3928,1520.60736,0.684273,0.02276699999999998
2025/11/1 23:20:55,BNB,Close Short,1092.1,0.331,361.4851,0.162668,-1.817668
2025/11/2 01:06:38,ETH,Open Short,3877,0.4821,1869.1017,0.841095,-0.841095
2025/11/2 02:11:59,ETH,Close Short,3869.8,0.4821,1865.63058,0.839533,2.631587
2025/11/2 02:15:17,ETH,Open Short,3866.4,0.4856,1877.52384,0.844885,-0.844885
2025/11/2 02:32:49,ETH,Close Short,3869.4,0.4856,1878.98064,0.845541,-2.302341
2025/11/2 03:02:58,BNB,Open Long,1092.7,0.615,672.0105,0.302404,-0.302404
2025/11/2 03:53:58,HYPE,Open Long,43.528,8.2,356.92959999999994,0.160618,-0.160618
2025/11/2 03:59:56,HYPE,Close Long,43.504,8.2,356.73279999999994,0.160529,-0.357329
2025/11/2 04:32:54,BNB,Close Long,1096.2,0.615,674.163,0.303373,1.8491269999999997
2025/11/2 04:51:01,ETH,Open Short,3882.6,0.4808,1866.75408,0.840039,-0.840039
2025/11/2 05:41:53,SOL,Close Short,186.09,1.97,366.5973,0.164968,0.524532
2025/11/2 05:50:59,XRP,Open Short,2.4954,147,366.8238,0.16507,-0.16507
2025/11/2 06:00:03,SOL,Open Short,185.27,0.01,1.8527000000000002,0.000833,-0.000833
2025/11/2 06:47:55,ETH,Close Short,3872.2,0.4808,1861.7537599999998,0.837789,4.162531
2025/11/2 06:51:09,ETH,Open Short,3869.4,0.487,1884.3978,0.847979,-0.847979
2025/11/2 06:57:02,SOL,Close Short,186.08,0.01,1.8608000000000002,0.000837,-0.008936999999999999
2025/11/2 06:57:05,BNB,Open Short,1093.6,0.001,1.0936,0.000492,-0.000492
2025/11/2 07:14:53,XRP,Close Short,2.4993,147,367.39709999999997,0.165328,-0.7386280000000001
2025/11/2 07:23:59,BNB,Close Short,1094.1,0.001,1.0940999999999999,0.000492,-0.000992
2025/11/2 07:35:53,ETH,Close Short,3873.6,0.487,1886.4432,0.848899,-2.8942989999999997
2025/11/2 07:42:05,XRP,Open Short,2.5045,200,500.90000000000003,0.225405,-0.225405
2025/11/2 07:51:03,ETH,Open Short,3872,0.4465,1728.848,0.777981,-0.777981
2025/11/2 08:21:02,XRP,Close Short,2.4986,200,499.72,0.224874,0.9551259999999999
2025/11/2 08:21:05,SOL,Open Short,185.23,1.94,359.34619999999995,0.161705,-0.161705
2025/11/2 08:27:05,HYPE,Open Short,42.632,3.4,144.94879999999998,0.065226,-0.065226
2025/11/2 08:44:58,HYPE,Close Short,42.434,3.4,144.2756,0.064924,0.608276
2025/11/2 09:45:02,BNB,Open Short,1092,0.135,147.42000000000002,0.066339,-0.066339
2025/11/2 09:56:59,ETH,Close Short,3868.8,0.4465,1727.4192,0.777338,0.6514620000000001
2025/11/2 10:35:55,ETH,Open Short,3882.5,0.4452,1728.489,0.77782,-0.77782
2025/11/2 11:05:46,SOL,Close Short,185.39,1.94,359.65659999999997,0.161845,-0.472245
2025/11/2 12:15:01,SOL,Open Short,185.65,1.92,356.448,0.160401,-0.160401
2025/11/2 12:26:56,SOL,Close Short,186.06,1.92,357.23519999999996,0.160755,-0.947955
2025/11/2 12:26:59,ETH,Close Short,3884.3,0.4452,1729.29036,0.77818,-1.57954
2025/11/2 12:32:56,SOL,Open Short,186.1,1.91,355.45099999999996,0.159952,-0.159952
2025/11/2 12:51:09,SOL,Close Short,187.58,1.91,358.2778,0.161225,-2.988025
2025/11/2 12:56:58,SOL,Open Short,187.8615508021,1.87,351.30109999992703,0.158085,-0.158085
2025/11/2 19:36:32,ETH,Open Short,3887.8,0.4374,1700.5237200000001,0.765235,-0.765235
2025/11/2 20:48:31,ETH,Close Short,3872.2,0.4374,1693.70028,0.762165,6.061275
2025/11/2 20:48:34,SOL,Close Short,185.3555080214,1.87,346.614800000018,0.155975,4.53023
2025/11/2 20:51:23,ETH,Open Short,3875,0.542,2100.25,0.945112,-0.945112
2025/11/2 21:18:20,ETH,Close Short,3861.6,0.542,2092.9872,0.941844,6.320956000000001
2025/11/2 21:27:25,ETH,Open Short,3859.1,0.5512,2127.13592,0.957211,-0.957211
2025/11/2 21:42:17,BNB,Close Short,1083.1,0.135,146.2185,0.065798,1.135702
2025/11/2 22:18:27,BNB,Open Short,1079.8,0.141,152.25179999999997,0.068513,-0.068513
2025/11/2 23:21:33,BNB,Close Short,1082.9,0.141,152.6889,0.06871,-0.50581
2025/11/2 23:27:36,ADA,Open Short,0.60286,249,150.11213999999998,0.06755,-0.06755
2025/11/3 01:03:13,ETH,Close Short,3860.3,0.5512,2127.79736,0.957508,-1.618948
2025/11/3 01:21:24,ETH,Open Short,3853.3,0.5488,2114.6910399999997,0.95161,-0.95161
2025/11/3 01:24:18,ADA,Close Short,0.59901,249,149.15349,0.067119,0.891531
2025/11/3 02:36:17,ETH,Close Short,3860,0.5488,2118.368,0.953265,-4.630224999999999
2025/11/3 02:48:22,HYPE,Open Short,41.951,10.72,449.71472000000006,0.202371,-0.202371
2025/11/3 04:42:14,HYPE,Close Short,41.53,10.72,445.20160000000004,0.20034,4.31278
2025/11/3 04:57:18,SOL,Open Short,184.41,2.71,499.7511,0.224887,-0.224887
2025/11/3 05:03:20,XRP,Open Short,2.4983,144,359.7552,0.161889,-0.161889
2025/11/3 05:06:25,ADA,Open Short,0.6011049584,601,361.2640799984,0.162568,-0.162568
2025/11/3 05:21:26,ADA,Close Short,0.6005736439,601,360.9447599839,0.162424,0.15632000000000001
2025/11/3 05:21:30,ETH,Open Short,3851.3,0.364,1401.8732,0.630842,-0.630842
2025/11/3 05:36:19,XRP,Close Short,2.5048,144,360.6912,0.162311,-1.098311
2025/11/3 05:39:24,XRP,Open Short,2.5083,141,353.67030000000005,0.159151,-0.159151
2025/11/3 05:48:21,XRP,Close Short,2.5149,141,354.60089999999997,0.15957,-1.09017
2025/11/3 05:48:46,SOL,Close Short,185.52,2.71,502.7592,0.226241,-3.234341
2025/11/3 06:24:37,ETH,Close Short,3861.8,0.364,1405.6952,0.632562,-4.454562
2025/11/3 06:36:27,BNB,Open Long,1078.3,0.327,352.6041,0.158671,-0.158671
2025/11/3 07:03:30,BNB,Close Long,1081.9,0.327,353.78130000000004,0.159201,1.017999
2025/11/3 07:36:24,SOL,Open Short,186.6,3.55,662.43,0.298093,-0.298093
2025/11/3 07:45:25,ETH,Open Short,3900.8,0.3969,1548.22752,0.696702,-0.696702
2025/11/3 07:54:29,SOL,Close Short,187.51,3.55,665.6605,0.299546,-3.530046
2025/11/3 08:18:29,SOL,Open Short,188.51,1.84,346.8584,0.156086,-0.156086
2025/11/3 08:54:18,SOL,Close Short,187.03,1.84,344.1352,0.15486,2.56834
2025/11/3 09:00:21,ETH,Close Short,3860.7,0.3969,1532.3118299999999,0.68954,15.22615
2025/11/3 09:06:28,BNB,Open Short,1076.2,0.338,363.7556,0.16369,-0.16369
2025/11/3 09:09:27,ETH,Open Short,3852.4,0.4962,1911.56088,0.860202,-0.860202
2025/11/3 09:45:19,BNB,Close Short,1073.7,0.338,362.91060000000004,0.163309,0.6816909999999999
2025/11/3 10:00:39,SOL,Open Short,185.65,1.97,365.7305,0.164578,-0.164578
2025/11/3 11:15:09,SOL,Close Short,180.48,1.97,355.5456,0.159995,10.024905
2025/11/3 11:21:30,SOL,Open Short,180.79,2.3,415.81699999999995,0.187117,-0.187117
2025/11/3 12:36:19,ETH,Close Short,3740.7,0.4962,1856.1353399999998,0.83526,54.59028
2025/11/3 13:06:24,ETH,Open Short,3750.7,0.14,525.0980000000001,0.236294,-0.236294
2025/11/3 13:36:27,BNB,Open Short,1043.5,0.403,420.5305,0.189238,-0.189238
2025/11/3 13:48:33,BNB,Close Short,1037.1,0.403,417.9513,0.188078,2.391122
2025/11/3 14:12:40,BNB,Open Short,1034.9,0.415,429.4835,0.193267,-0.193267
2025/11/3 14:45:55,SOL,Close Short,174.93,2.3,402.339,0.181052,13.296948
2025/11/3 14:48:20,ETH,Close Short,3692,0.14,516.88,0.232596,7.985404
2025/11/3 15:09:23,ETH,Open Short,3706.7,0.1176,435.90792,0.196158,-0.196158
2025/11/3 15:27:35,ADA,Open Short,0.57614,752,433.25728,0.194965,-0.194965
2025/11/3 15:30:29,ETH,Close Short,3722.6,0.1176,437.77776,0.196999,-2.066839
2025/11/3 15:39:25,ADA,Close Short,0.57882,752,435.27264,0.195872,-2.211232
2025/11/3 15:45:54,ETH,Open Long,3707.9,0.6093,2259.22347,1.01665,-1.01665
2025/11/3 15:48:24,ETH,Close Long,3709.8,0.6093,2260.38114,1.017171,0.14049899999999993
2025/11/3 15:48:28,ETH,Open Short,3711.7,0.6077,2255.60009,1.01502,-1.01502
2025/11/3 17:09:23,ETH,Close Short,3736.2,0.6077,2270.48874,1.021719,-15.910369
2025/11/3 17:12:35,ADA,Open Short,0.58364,714,416.71896000000004,0.187523,-0.187523
2025/11/3 17:27:37,ETH,Open Short,3711.3,0.4724,1753.21812,0.788948,-0.788948
2025/11/3 18:27:34,BNB,Close Short,1023,0.415,424.54499999999996,0.191045,4.747455
2025/11/3 18:30:43,SOL,Open Short,175.44,2.41,422.8104,0.190264,-0.190264
2025/11/3 18:33:28,ADA,Close Short,0.57367,714,409.60038000000003,0.18432,6.93426
2025/11/3 18:51:35,BNB,Open Short,1015.8,0.422,428.6676,0.1929,-0.1929
2025/11/3 19:24:26,SOL,Close Short,174.74,2.41,421.12340000000006,0.189505,1.497495
2025/11/3 19:24:29,HYPE,Open Short,41.098,10.53,432.76194,0.194742,-0.194742
2025/11/3 19:27:35,HYPE,Close Short,41.148,10.53,433.28844,0.194979,-0.721479
2025/11/3 20:18:30,BNB,Close Short,1022.7,0.422,431.5794,0.19421,-3.10601
2025/11/3 20:48:36,BNB,Open Short,1019,0.412,419.828,0.188922,-0.188922
2025/11/3 20:57:36,SOL,Open Short,175.44,2.41,422.8104,0.190264,-0.190264
2025/11/3 21:57:29,ETH,Close Short,3719,0.4724,1756.8555999999999,0.790585,-4.428065
2025/11/3 22:09:45,ETH,Open Short,3731.1,0.4749,1771.8993899999998,0.797354,-0.797354
2025/11/3 22:33:27,SOL,Close Short,175.22,2.41,422.28020000000004,0.190026,0.340174
2025/11/3 22:33:30,BNB,Close Short,1017.5,0.412,419.21,0.188644,0.42935599999999996
2025/11/3 22:57:31,HYPE,Open Short,41.663,10.08,419.96304,0.188983,-0.188983
2025/11/3 23:27:52,HYPE,Close Short,40.183,10.08,405.04464,0.18227,14.73613
2025/11/3 23:30:38,SOL,Open Short,166.56,2.79,464.7024,0.209116,-0.209116
2025/11/4 00:03:33,BNB,Open Short,981,0.46,451.26000000000005,0.203067,-0.203067
2025/11/4 00:06:36,ETH,Close Short,3574.5,0.4749,1697.5300499999998,0.763887,73.605453
2025/11/4 00:09:35,ETH,Open Short,3576,0.5979,2138.0904,0.962139,-0.962139
2025/11/4 00:18:24,BNB,Close Short,992.45,0.46,456.52700000000004,0.205437,-5.472437
2025/11/4 00:21:27,ETH,Close Short,3612.4,0.5979,2159.85396,0.971933,-22.735492999999998
2025/11/4 00:45:32,ETH,Open Short,3611,0.6767,2443.5636999999997,1.099603,-1.099603
2025/11/4 01:21:09,ETH,Close Short,3653.9,0.6767,2472.59413,1.112667,-30.143096999999997
2025/11/4 01:39:31,HYPE,Open Short,41.009,10.53,431.82477,0.194321,-0.194321
2025/11/4 01:51:33,ETH,Open Short,3666.2,0.5053,1852.5308599999998,0.833638,-0.833638
2025/11/4 03:36:27,HYPE,Close Short,40.314,10.53,424.50642,0.191027,7.127323
2025/11/4 03:45:25,HYPE,Open Short,40.43,11.23,454.0289,0.204313,-0.204313
2025/11/4 03:57:29,XRP,Open Short,2.3271,5,11.6355,0.005235,-0.005235
2025/11/4 04:00:18,XRP,Close Short,2.3253,5,11.6265,0.005231,0.003768999999999999
2025/11/4 04:18:29,BNB,Open Short,989.24,0.013,12.86012,0.005787,-0.005787
2025/11/4 04:21:22,BNB,Close Short,990.21,0.013,12.87273,0.005792,-0.018402
2025/11/4 04:24:25,HYPE,Close Short,39.629,11.23,445.03367,0.200265,8.794965
2025/11/4 04:24:28,BNB,Open Short,987.98,0.516,509.79768,0.229408,-0.229408
2025/11/4 05:03:25,BNB,Close Short,991.36,0.516,511.54176,0.230193,-1.9742730000000002
2025/11/4 05:15:34,BNB,Open Short,989.99,0.504,498.95496,0.224529,-0.224529
2025/11/4 05:33:22,ETH,Close Short,3585.3,0.5053,1811.65209,0.815243,40.063527
2025/11/4 05:45:36,ETH,Open Short,3599,0.5698,2050.7102,0.922819,-0.922819
2025/11/4 05:48:24,BNB,Close Short,993.21,0.504,500.57784000000004,0.225259,-1.8481390000000002
2025/11/4 06:36:32,SOL,Close Short,165.16,2.79,460.7964,0.207358,3.698642
2025/11/4 06:36:35,BNB,Open Short,985.69,0.943,929.50567,0.418276,-0.418276
2025/11/4 07:06:30,HYPE,Open Short,39.497,1.03,40.68191,0.018306,-0.018306
2025/11/4 07:27:24,HYPE,Close Short,40.039,1.03,41.24017,0.018558,-0.5768179999999999
2025/11/4 08:36:27,ETH,Close Short,3611.8,0.5698,2058.00364,0.926101,-8.219541
2025/11/4 08:39:25,BNB,Close Short,993.7188865323,0.943,937.0769099999588,0.421684,-7.992924
2025/11/4 08:42:19,ETH,Open Long,3627.7,0.8075,2929.36775,1.318215,-1.318215
2025/11/4 08:57:24,ETH,Close Long,3613.5,0.8075,2917.90125,1.313055,-12.779555
2025/11/4 09:06:23,ETH,Open Short,3614.2,0.7909,2858.47078,1.286311,-1.286311
2025/11/4 09:07:05,ETH,Close Short,3620,0.7909,2863.058,1.288376,-5.875596
2025/11/4 09:09:30,HYPE,Open Short,39.667,11.39,451.80713000000003,0.203313,-0.203313
2025/11/4 09:45:32,ETH,Open Long,3642,0.6511,2371.3062,1.067087,-1.067087
2025/11/4 09:57:40,HYPE,Close Short,39.97076295,11.39,455.2669900005,0.204869,-3.664729
2025/11/4 10:03:19,ETH,Close Long,3633.3,0.6511,2365.64163,1.064537,-6.729107000000001
2025/11/4 10:09:27,ETH,Open Short,3640.5,0.7595,2764.95975,1.244231,-1.244231
2025/11/4 11:12:20,ETH,Close Short,3634.3,0.7595,2760.25085,1.242112,3.4667879999999998
2025/11/4 11:15:41,BNB,Open Short,997.28,0.556,554.4876800000001,0.249519,-0.249519
2025/11/4 12:15:31,SOL,Open Short,167.24,2.65,443.18600000000004,0.199432,-0.199432
2025/11/4 12:27:35,ETH,Open Short,3634.6,0.4892,1778.0463200000002,0.80012,-0.80012
2025/11/4 12:45:26,SOL,Close Short,165.0117735849,2.65,437.281199999985,0.196776,5.708024
2025/11/4 12:54:31,SOL,Open Short,164.97,2.85,470.16450000000003,0.211574,-0.211574
2025/11/4 13:24:11,ETH,Close Short,3579.1,0.4892,1750.89572,0.787903,26.362697
2025/11/4 13:30:22,BNB,Close Short,964.13,0.556,536.05628,0.241225,18.190175
2025/11/4 13:48:44,BNB,Open Short,952.83,0.65,619.3395,0.278702,-0.278702
2025/11/4 13:53:03,SOL,Close Short,157.79,2.85,449.7015,0.202365,20.260635
2025/11/4 14:06:38,ETH,Open Short,3493,0.7157,2499.9401,1.124973,-1.124973
2025/11/4 18:12:30,BNB,Close Short,954.8,0.65,620.62,0.279279,-1.559779
2025/11/4 18:18:34,SOL,Open Short,160.74,3.8,610.812,0.274865,-0.274865
2025/11/4 19:12:23,ETH,Close Short,3508.8,0.7157,2511.24816,1.130061,-12.438120999999999
2025/11/4 19:15:30,ETH,Open Short,3509.9,0.693,2432.3606999999997,1.094562,-1.094562
2025/11/4 20:24:30,SOL,Close Short,160.81,3.8,611.078,0.274984,-0.540984
2025/11/4 21:06:24,ETH,Close Short,3507.3962770563,0.693,2430.6256200000157,1.09378,0.6413
2025/11/4 21:15:27,ETH,Open Long,3514.7,0.8644,3038.10668,1.367148,-1.367148
2025/11/4 21:18:21,ETH,Close Long,3517.2116034243,0.8644,3040.277709999965,1.368123,0.802907
2025/11/4 21:21:29,BNB,Open Short,946.33,0.513,485.46729000000005,0.21846,-0.21846
2025/11/4 22:03:30,ETH,Open Short,3495.3,0.7296,2550.17088,1.147576,-1.147576
2025/11/4 22:42:16,BNB,Close Short,952.8,0.513,488.7864,0.219953,-3.5390629999999996
2025/11/4 22:46:24,ETH,Close Short,3531.7,0.7296,2576.72832,1.159527,-27.716967
2025/11/4 22:48:30,ADA,Open Short,0.54701,1188,649.84788,0.292431,-0.292431
2025/11/4 23:15:27,XRP,Open Short,2.2997,200,459.94,0.206973,-0.206973
2025/11/4 23:48:35,ETH,Open Short,3528.9,0.4992,1761.62688,0.792731,-0.792731
2025/11/5 00:30:24,ADA,Close Short,0.5396876431,1188,641.1489200028,0.288516,8.410444
2025/11/5 00:57:29,SOL,Open Short,158.5,3.25,515.125,0.231806,-0.231806
2025/11/5 01:00:25,XRP,Close Short,2.2367,200,447.34,0.201303,12.398697
2025/11/5 01:07:55,ETH,Close Short,3399.8,0.4992,1697.1801600000001,0.763731,63.682989
2025/11/5 01:12:30,ETH,Open Short,3387.3,0.8188,2773.52124,1.248082,-1.248082
2025/11/5 01:33:20,SOL,Close Short,157.28,3.25,511.16,0.230022,3.734978
2025/11/5 02:09:35,HYPE,Open Short,37.534,14.19,532.60746,0.239673,-0.239673
2025/11/5 02:54:20,HYPE,Close Short,37.7251987315,14.19,535.320569999985,0.240893,-2.9540029999999997
2025/11/5 02:57:34,BNB,Open Long,930.37,0.555,516.35535,0.232359,-0.232359
2025/11/5 03:21:21,BNB,Close Long,930.47,0.555,516.4108500000001,0.232384,-0.176884
2025/11/5 03:48:39,ADA,Open Short,0.51654,995,513.9573,0.23128,-0.23128
2025/11/5 04:15:36,ETH,Close Short,3215.2,0.8188,2632.60576,1.184672,139.730808
2025/11/5 04:21:32,BNB,Open Short,897.55,0.903,810.48765,0.364719,-0.364719
2025/11/5 04:27:34,ETH,Open Short,3178.4,0.8351,2654.28184,1.194426,-1.194426
2025/11/5 04:33:15,BNB,Close Short,911.794662237,0.903,823.3505800000111,0.370506,-13.233436000000001
2025/11/5 04:36:39,DOGE,Open Short,0.15698,4105,644.4029,0.289981,-0.289981
2025/11/5 04:39:36,DOGE,Close Short,0.159270821,4105,653.806720205,0.294212,-9.698032
2025/11/5 05:09:36,BNB,Open Short,914.54,0.757,692.30678,0.311538,-0.311538
2025/11/5 05:12:34,ADA,Close Short,0.50942,995,506.87289999999996,0.228092,6.856307999999999
2025/11/5 05:18:39,SOL,Open Short,151.56,3.61,547.1315999999999,0.246209,-0.246209
2025/11/5 05:36:28,SOL,Close Short,147.0280886427,3.61,530.771400000147,0.238846,16.121354
2025/11/5 05:45:42,SOL,Open Short,149.71,4.2,628.782,0.282951,-0.282951
2025/11/5 05:57:28,ETH,Close Short,3193.8,0.8351,2667.1423800000002,1.200214,-14.060754
2025/11/5 06:01:16,BNB,Close Short,920.5055482166,0.757,696.8226999999662,0.313569,-4.829489000000001
2025/11/5 06:08:41,SOL,Close Short,152.5,4.2,640.5,0.288225,-12.006225
2025/11/5 06:09:25,BNB,Open Long,924.33,0.66,610.0578,0.274526,-0.274526
2025/11/5 06:33:24,BNB,Close Long,935.64,0.66,617.5224000000001,0.277885,7.1867149999999995
2025/11/5 06:36:29,ETH,Open Long,3280.8,1.1718,3844.44144,1.729998,-1.729998
2025/11/5 06:54:18,ETH,Close Long,3230.4,1.1718,3785.38272,1.703422,-60.762142000000004
2025/11/5 06:57:43,ETH,Open Short,3233.1,1.0929,3533.4549899999997,1.590054,-1.590054
2025/11/5 07:04:04,ETH,Close Short,3283.8,1.0929,3588.86502,1.614989,-57.025019
2025/11/5 07:06:27,ETH,Open Short,3284.3,0.9857,3237.33451,1.456799,-1.456799
2025/11/5 07:48:27,SOL,Open Short,155.61,0.01,1.5561000000000003,0.0007,-0.0007
2025/11/5 08:09:34,BNB,Open Short,934.17,0.001,0.93417,0.00042,-0.00042
2025/11/5 09:23:23,ETH,Close Short,3177.3,0.9857,3131.86461,1.409339,104.06056099999999
2025/11/5 09:23:23,SOL,Close Short,149.88,0.01,1.4988,0.000674,0.056625999999999996
2025/11/5 09:36:43,XRP,Open Short,2.1148,284,600.6031999999999,0.270271,-0.270271
2025/11/5 09:45:39,SOL,Open Short,148.02,4.07,602.4414,0.271098,-0.271098
2025/11/5 09:57:37,SOL,Close Short,152.61,4.07,621.1227000000001,0.279505,-18.960805
2025/11/5 10:00:21,XRP,Close Short,2.1819957746,284,619.6867999863999,0.278858,-19.362458
2025/11/5 10:03:30,BNB,Close Short,929.13,0.001,0.92913,0.000418,0.004622
2025/11/5 10:09:32,XRP,Open Short,2.2017879845,258,568.0613000010001,0.255626,-0.255626
2025/11/5 10:42:29,ADA,Open Short,0.52346,1084,567.43064,0.255343,-0.255343
2025/11/5 10:45:37,ETH,Open Short,3298.9,0.7319,2414.46491,1.086508,-1.086508
2025/11/5 10:51:31,XRP,Close Short,2.2129,258,570.9282,0.256917,-3.1240710000000003
2025/11/5 11:06:38,BNB,Open Short,946.83,0.572,541.58676,0.243714,-0.243714
2025/11/5 11:12:32,ADA,Close Short,0.52809,1084,572.4495599999999,0.257602,-5.276522
2025/11/5 12:27:30,SOL,Open Short,155.76,3.55,552.948,0.248826,-0.248826
2025/11/5 12:44:19,SOL,Close Short,157.52,3.55,559.196,0.251638,-6.499638
2025/11/5 13:09:27,ETH,Close Short,3340.7,0.7319,2445.05833,1.100276,-31.693696
2025/11/5 14:06:27,BNB,Close Short,943.47,0.572,539.66484,0.242849,1.679071
2025/11/5 14:06:30,ETH,Open Short,3317.5,1.0016,3322.808,1.495263,-1.495263
2025/11/5 15:39:39,BNB,Open Long,948.73,0.001,0.9487300000000001,0.000426,-0.000426
2025/11/5 15:45:18,ETH,Close Short,3332.4,1.0016,3337.7318400000004,1.501979,-16.425819
2025/11/5 15:54:22,BNB,Close Long,954.36,0.001,0.95436,0.000429,0.005201
2025/11/5 16:00:29,HYPE,Open Long,40.425,12.8,517.4399999999999,0.232848,-0.232848
2025/11/5 16:14:09,HYPE,Close Long,40.172,12.8,514.2016,0.23139,-3.46979
2025/11/5 16:15:23,ETH,Open Short,3312.5389317889,0.1554,514.7685499999951,0.231643,-0.231643
2025/11/5 17:03:31,SOL,Open Short,156.1404677419,6.2,968.0708999997801,0.43563,-0.43563
2025/11/5 17:12:29,ETH,Close Short,3308.7,0.1554,514.17198,0.231377,0.363805
2025/11/5 18:12:49,ETH,Open Short,3292.6,0.6824,2246.8702399999997,1.011091,-1.011091
2025/11/5 19:39:25,ETH,Close Short,3305.3,0.6824,2255.53672,1.014991,-9.681471
2025/11/5 19:39:28,SOL,Close Short,157,6.2,973.4,0.438029,-5.767549
2025/11/5 19:45:23,ETH,Open Short,3305.7,0.9471,3130.82847,1.408872,-1.408872
2025/11/5 19:54:24,ETH,Close Short,3318,0.9471,3142.4778,1.414115,-13.063445000000002
2025/11/5 19:57:29,HYPE,Open Short,41.385,11.83,489.58455,0.220313,-0.220313
2025/11/5 20:09:30,SOL,Open Short,156.61,3.13,490.1893,0.220585,-0.220585
2025/11/5 20:15:33,ETH,Open Short,3314.4,0.6264,2076.14016,0.934262,-0.934262
2025/11/5 20:30:23,HYPE,Close Short,41.327,11.83,488.89840999999996,0.220004,0.466136
2025/11/5 21:48:49,SOL,Close Short,159.51,3.13,499.26629999999994,0.224669,-9.301669
2025/11/5 21:51:35,SOL,Open Short,159.44,5.42,864.1648,0.388874,-0.388874
2025/11/5 21:54:24,ETH,Close Short,3374.8,0.6264,2113.97472,0.951288,-38.785848
2025/11/5 22:03:27,SOL,Close Short,159.38,5.42,863.8396,0.388727,-0.063527
2025/11/5 22:06:24,ETH,Open Short,3362.7,0.1339,450.26552999999996,0.202619,-0.202619
2025/11/5 23:21:26,ETH,Close Short,3348.2,0.1339,448.32397999999995,0.201745,1.739805
2025/11/5 23:30:34,HYPE,Open Long,42.062,10.73,451.32526,0.203096,-0.203096
2025/11/5 23:39:17,HYPE,Close Long,41.955,10.73,450.17715,0.202579,-1.350689
2025/11/5 23:51:34,ETH,Open Short,3390.2,0.8298,2813.1879599999997,1.265934,-1.265934
2025/11/6 00:51:21,ETH,Close Short,3420,0.8298,2837.9159999999997,1.277062,-26.005102
2025/11/6 00:57:34,BNB,Open Long,965.73,0.443,427.81839,0.192518,-0.192518
2025/11/6 01:13:05,BNB,Close Long,960.54,0.443,425.51921999999996,0.191483,-2.490653
2025/11/6 01:13:08,ETH,Open Long,3421.6,0.7783,2663.0312799999997,1.198364,-1.198364
2025/11/6 01:48:23,ETH,Close Long,3423.821688295,0.7783,2664.7604199999987,1.199141,0.5360940000000001
2025/11/6 02:06:24,ETH,Open Long,3435.5,0.1747,600.1818499999999,0.270081,-0.270081
2025/11/6 02:30:31,SOL,Open Long,162.84,2.62,426.6408,0.191988,-0.191988
2025/11/6 02:39:24,ETH,Close Long,3454.6,0.1747,603.5186199999999,0.271583,3.065187
2025/11/6 02:42:20,ETH,Open Short,3458.910914136,0.6487,2243.7955100000236,1.009705,-1.009705
2025/11/6 03:03:23,SOL,Close Long,162.99,2.62,427.03380000000004,0.192165,0.200835
2025/11/6 04:24:29,XRP,Open Short,2.3593,180,424.67400000000004,0.191103,-0.191103
2025/11/6 04:36:31,BNB,Open Short,955.69,0.002,1.91138,0.00086,-0.00086
2025/11/6 04:45:20,XRP,Close Short,2.356,180,424.08,0.190836,0.40316399999999997
2025/11/6 05:06:29,SOL,Open Short,161.88,2.63,425.7444,0.191584,-0.191584
2025/11/6 06:21:20,SOL,Close Short,161.52,2.63,424.7976,0.191158,0.7556419999999999
2025/11/6 06:21:23,BNB,Close Short,953.17,0.002,1.90634,0.000857,0.004183
2025/11/6 06:45:23,SOL,Open Short,162.37,2.65,430.2805,0.193626,-0.193626
2025/11/6 08:03:17,ETH,Close Short,3408.7993217204,0.6487,2211.2881200000234,0.995079,31.511718
2025/11/6 08:06:21,ETH,Open Short,3403.9,0.7049,2399.40911,1.079734,-1.079734
2025/11/6 12:45:28,ETH,Close Short,3450.5,0.7049,2432.25745,1.094515,-33.942855
2025/11/6 12:51:20,SOL,Close Short,162.32,2.65,430.14799999999997,0.193566,-0.06106599999999998
2025/11/6 12:54:30,ETH,Open Long,3452.7,0.7682,2652.3641399999997,1.193563,-1.193563
2025/11/6 13:12:43,ETH,Close Long,3421.4,0.7682,2628.31948,1.182743,-25.227403
2025/11/6 13:12:46,HYPE,Open Long,40.579,9.98,404.97842,0.18224,-0.18224
2025/11/6 13:15:34,HYPE,Close Long,40.5854458918,9.98,405.042750000164,0.182268,-0.11793800000000002
2025/11/6 13:24:38,ETH,Open Short,3419.9156873389,0.7369,2520.1358700000355,1.134059,-1.134059
2025/11/6 15:13:51,ETH,Close Short,3387.6,0.7369,2496.32244,1.123345,22.685894
2025/11/6 15:21:29,HYPE,Open Short,39.605,15.15,600.0157499999999,0.270007,-0.270007
2025/11/6 15:27:37,ETH,Open Short,3384.1,0.5923,2004.40243,0.90198,-0.90198
2025/11/6 18:03:10,HYPE,Close Short,39.673,15.15,601.0459500000001,0.27047,-1.30067
2025/11/6 18:03:13,SOL,Open Short,158.54,2.62,415.3748,0.186918,-0.186918
2025/11/6 18:38:41,ETH,Close Short,3401,0.5923,2014.4123000000002,0.906485,-10.916355
2025/11/6 19:20:52,HYPE,Open Long,40.145,12.45,499.80525,0.224912,-0.224912
2025/11/6 20:05:52,ETH,Open Short,3389.7,0.4787,1622.64939,0.730192,-0.730192
2025/11/6 20:20:43,HYPE,Close Long,40.0051839357,12.45,498.064539999465,0.224124,-1.964834
2025/11/6 20:23:51,BNB,Open Short,950.51,0.429,407.76878999999997,0.183495,-0.183495
2025/11/6 20:50:43,SOL,Close Short,157.55,2.62,412.78100000000006,0.185751,2.408049
2025/11/6 20:59:49,HYPE,Open Short,39.486,10.68,421.71047999999996,0.189769,-0.189769
2025/11/6 21:11:57,HYPE,Close Short,39.61,10.68,423.03479999999996,0.190365,-1.514685
2025/11/6 21:41:29,ETH,Close Short,3386.8,0.4787,1621.2611600000002,0.729567,0.6586630000000001
2025/11/6 22:11:26,ETH,Open Short,3360.8,0.6313,2121.67304,0.954752,-0.954752
2025/11/7 00:05:27,ETH,Close Short,3313.3,0.6313,2091.68629,0.941258,29.045492
2025/11/7 00:05:30,BNB,Close Short,935.88,0.429,401.49252,0.180671,6.095599
2025/11/7 00:12:11,ETH,Open Short,3296.6,0.8185,2698.2671,1.214219,-1.214219
2025/11/7 00:43:32,ETH,Close Short,3249.2,0.8185,2659.4701999999997,1.196761,37.600139
2025/11/7 00:44:28,ETH,Open Short,3253.3,0.8802,2863.5546600000002,1.288599,-1.288599
2025/11/7 01:10:08,ETH,Close Short,3300.6,0.8802,2905.18812,1.307334,-42.940794
2025/11/7 01:14:25,BNB,Open Long,935.21,0.455,425.52055,0.191484,-0.191484
2025/11/7 01:35:25,ETH,Open Long,3308.8,0.6748,2232.77824,1.00475,-1.00475
2025/11/7 02:05:27,ETH,Close Long,3315,0.6748,2236.962,1.006632,3.1771280000000006
2025/11/7 02:20:24,BNB,Close Long,940.24,0.455,427.80920000000003,0.192514,2.096136
2025/11/7 02:23:22,XRP,Open Short,2.2129,194,429.3026,0.193186,-0.193186
2025/11/7 02:48:44,XRP,Close Short,2.2411,194,434.7734,0.195648,-5.666448
2025/11/7 02:50:23,SOL,Open Short,158.19,5.03,795.6957,0.358063,-0.358063
2025/11/7 03:32:25,BNB,Open Short,948.1,0.451,427.59310000000005,0.192416,-0.192416
2025/11/7 03:41:24,XRP,Open Short,2.2034,196,431.86639999999994,0.194339,-0.194339
2025/11/7 03:53:29,XRP,Close Short,2.2076,196,432.6896,0.19471,-1.01791
2025/11/7 03:53:33,ETH,Open Short,3312.1,0.4291,1421.22211,0.639549,-0.639549
2025/11/7 04:17:23,BNB,Close Short,947.7,0.451,427.41270000000003,0.192335,-0.011935000000000001
2025/11/7 04:47:26,ETH,Close Short,3289.9,0.4291,1411.69609,0.635263,8.890757
2025/11/7 04:53:50,XRP,Open Short,2.1821,203,442.96630000000005,0.199334,-0.199334
2025/11/7 05:20:32,ETH,Open Short,3302.1,0.4379,1445.98959,0.650694,-0.650694
2025/11/7 05:26:57,XRP,Close Short,2.1963,203,445.84889999999996,0.200632,-3.083232
2025/11/7 05:41:25,ETH,Close Short,3320.4,0.4379,1454.00316,0.654301,-8.667871
2025/11/7 05:53:27,SOL,Close Short,156.62,5.03,787.7986000000001,0.354509,7.542591
2025/11/7 05:53:30,BNB,Open Short,952.67,0.446,424.89081999999996,0.1912,-0.1912
2025/11/7 06:17:32,ETH,Open Short,3314.5027336206,0.6731,2230.991790000026,1.003945,-1.003945
2025/11/7 08:11:28,BNB,Close Short,952.01,0.446,424.59646,0.191068,0.10329200000000002
2025/11/7 08:38:23,ETH,Close Short,3320.8,0.6731,2235.23048,1.005853,-5.246383
2025/11/7 08:41:27,ETH,Open Short,3321.8,0.7907,2626.54726,1.181946,-1.181946
2025/11/7 09:59:38,ETH,Close Short,3322.8,0.7907,2627.33796,1.1823,-1.9729999999999999
2025/11/7 10:02:27,SOL,Open Short,156.7529962547,2.67,418.530500000049,0.188338,-0.188338
2025/11/7 10:08:33,SOL,Close Short,157.24,2.67,419.8308,0.188923,-1.48948
2025/11/7 10:14:29,ETH,Open Short,3316.3,0.7846,2601.96898,1.170886,-1.170886
2025/11/7 10:59:24,ETH,Close Short,3344.5,0.7846,2624.0947,1.180842,-23.306562
2025/11/7 11:02:25,HYPE,Open Long,39.07,10.16,396.95120000000003,0.178628,-0.178628
2025/11/7 11:05:24,HYPE,Close Long,39.142,10.16,397.68272,0.178957,0.5525629999999999
2025/11/7 11:11:25,XRP,Open Short,2.2313,178,397.1714,0.178727,-0.178727
2025/11/7 11:20:34,ETH,Open Short,3360.5,0.6203,2084.51815,0.938033,-0.938033
2025/11/7 11:35:33,XRP,Close Short,2.2318,178,397.26039999999995,0.178767,-0.267767
2025/11/7 11:35:36,SOL,Open Short,157.48,2.5,393.7,0.177165,-0.177165
2025/11/7 11:47:31,BNB,Open Short,964.25,0.001,0.96425,0.000433,-0.000433
2025/11/7 12:02:26,BNB,Close Short,964.82,0.001,0.9648200000000001,0.000434,-0.001004
2025/11/7 12:08:31,HYPE,Open Short,38.393,0.03,1.1517899999999999,0.000518,-0.000518
2025/11/7 12:41:29,HYPE,Close Short,38.375,0.03,1.1512499999999999,0.000518,0.000021999999999999993
2025/11/7 13:11:29,DOGE,Open Short,0.16585,8,1.3268,0.000597,-0.000597
2025/11/7 13:23:24,DOGE,Close Short,0.16574,8,1.32592,0.000596,0.00028400000000000007
2025/11/7 13:23:28,HYPE,Open Short,39.368,0.03,1.18104,0.000531,-0.000531
2025/11/7 14:11:28,HYPE,Close Short,39.646,0.03,1.1893799999999999,0.000535,-0.008875000000000001
2025/11/7 14:38:35,BNB,Open Short,965.83,0.001,0.9658300000000001,0.000434,-0.000434
2025/11/7 15:20:51,BNB,Close Short,968.28,0.001,0.96828,0.000435,-0.002885
2025/11/7 15:23:27,ETH,Close Short,3358.7,0.6203,2083.40161,0.93753,0.1790100000000001
2025/11/7 15:23:29,SOL,Close Short,157.33,2.5,393.32500000000005,0.176996,0.198004
2025/11/7 15:32:23,ETH,Open Short,3342.1,0.7408,2475.82768,1.114122,-1.114122
2025/11/7 18:16:41,ETH,Close Short,3280.2,0.7408,2429.97216,1.093487,44.762032999999995
2025/11/7 18:17:24,ETH,Open Short,3282,0.8206,2693.2092,1.211944,-1.211944
2025/11/7 21:11:27,ETH,Close Short,3240.6,0.8206,2659.23636,1.196656,32.776184
2025/11/7 21:14:37,HYPE,Open Long,39.027,15.36,599.45472,0.269754,-0.269754
2025/11/7 21:14:42,ETH,Open Long,3231.2,0.697,2252.1463999999996,1.013465,-1.013465
2025/11/7 21:23:29,ETH,Close Long,3235.9,0.697,2255.4222999999997,1.01494,2.26096
2025/11/7 21:23:33,XRP,Open Long,2.1897,211,462.02670000000006,0.207912,-0.207912
2025/11/7 21:32:37,SOL,Open Short,151.87,5.63,855.0281,0.384762,-0.384762
2025/11/7 21:38:37,XRP,Close Long,2.1893,211,461.94229999999993,0.207874,-0.29227400000000003
2025/11/7 21:53:30,HYPE,Close Long,39.4840976563,15.36,606.475740000768,0.272914,6.748106
2025/11/7 22:08:32,ETH,Open Short,3225.2,0.6298,2031.2309599999999,0.914053,-0.914053
2025/11/7 22:14:40,SOL,Close Short,152.48,5.63,858.4623999999999,0.386307,-3.820607
2025/11/7 22:26:34,BNB,Open Short,934.15,0.489,456.79935,0.205559,-0.205559
2025/11/7 22:35:53,SOL,Open Short,151.2,2.5,378,0.1701,-0.1701
2025/11/7 22:45:26,BNB,Close Short,940.19,0.489,459.75291000000004,0.206888,-3.160448
2025/11/7 22:48:46,ETH,Close Short,3279.4,0.6298,2065.36612,0.929414,-35.064574
2025/11/7 22:56:24,SOL,Close Short,154.53,2.5,386.325,0.173846,-8.498845999999999
2025/11/7 22:59:32,ETH,Open Short,3282.8,0.7996,2624.92688,1.181217,-1.181217
2025/11/7 23:14:36,ETH,Close Short,3307,0.7996,2644.2772,1.189923,-20.540243
2025/11/7 23:23:59,ETH,Open Long,3293.7,0.7645,2518.03365,1.133114,-1.133114
2025/11/7 23:47:29,ETH,Close Long,3289.4,0.7645,2514.7463,1.131635,-4.418985
2025/11/7 23:53:31,SOL,Open Long,155.46,4.81,747.7626,0.336493,-0.336493
2025/11/8 00:14:30,SOL,Close Long,154.31,4.81,742.2311,0.334002,-5.865502
2025/11/8 00:14:34,ETH,Open Short,3274.2,0.7515,2460.5613,1.107252,-1.107252
2025/11/8 00:29:36,ETH,Close Short,3323.6,0.7515,2497.6854,1.123958,-38.248058
2025/11/8 00:35:33,ADA,Open Short,0.56017,892,499.67163999999997,0.224852,-0.224852
2025/11/8 01:21:08,ADA,Close Short,0.5753468161,892,513.2093599612,0.230944,-13.768664
2025/11/8 01:23:29,SOL,Open Short,160.36,4.1,657.476,0.295864,-0.295864
2025/11/8 01:32:30,XRP,Open Short,2.3314,150,349.71,0.157369,-0.157369
2025/11/8 01:56:30,BNB,Open Short,964.13,0.366,352.87158,0.158792,-0.158792
2025/11/8 02:05:29,XRP,Close Short,2.3033,150,345.495,0.155472,4.059528
2025/11/8 02:14:29,ADA,Open Short,0.58339,593,345.95027,0.155677,-0.155677
2025/11/8 02:23:28,BNB,Close Short,971.57,0.366,355.59462,0.160017,-2.883057
2025/11/8 02:32:33,ETH,Open Long,3428.6,0.3477,1192.12422,0.536455,-0.536455
2025/11/8 02:35:26,SOL,Close Short,162.02,4.1,664.282,0.298926,-7.104926
2025/11/8 02:35:29,ADA,Close Short,0.5817546037,593,344.9804799941,0.15524,0.8145500000000001
2025/11/8 02:41:28,ETH,Close Long,3429,0.3477,1192.2633,0.536518,-0.39743800000000007
2025/11/8 02:47:25,ETH,Open Long,3423.6,0.6306,2158.92216,0.971514,-0.971514
2025/11/8 03:29:22,ETH,Close Long,3426,0.6306,2160.4356000000002,0.972194,0.5412459999999999
2025/11/8 03:44:25,HYPE,Open Short,42.8866250829,15.07,646.3014399993029,0.290829,-0.290829
2025/11/8 04:26:29,SOL,Open Long,162.33,2.14,347.38620000000003,0.156323,-0.156323
2025/11/8 04:32:31,SOL,Close Long,162.75,2.14,348.285,0.156728,0.7420720000000001
2025/11/8 04:32:34,HYPE,Close Short,42.99,15.07,647.8593000000001,0.291536,-1.849774
2025/11/8 04:32:37,ETH,Open Long,3448.8,0.623,2148.6024,0.966871,-0.966871
2025/11/8 05:59:23,ETH,Close Long,3466,0.623,2159.318,0.971693,9.743907
2025/11/8 06:14:28,ETH,Open Long,3446.5,0.6362,2192.6633,0.986698,-0.986698
2025/11/8 06:20:22,ETH,Close Long,3456.9,0.6362,2199.27978,0.989675,5.626805
2025/11/8 06:29:28,HYPE,Open Long,42.8,8.29,354.81199999999995,0.159665,-0.159665
2025/11/8 06:32:27,ETH,Open Long,3453.2,0.5389,1860.92948,0.837418,-0.837418
2025/11/8 06:47:22,ETH,Close Long,3452.6,0.5389,1860.60614,0.837272,-1.160612
2025/11/8 06:53:24,ETH,Open Short,3448.8,0.5368,1851.3158400000002,0.833091,-0.833091
2025/11/8 07:05:23,HYPE,Close Long,42.699,8.29,353.97470999999996,0.159288,-0.996578
2025/11/8 07:08:29,ADA,Open Short,0.58038,601,348.80838,0.156963,-0.156963
2025/11/8 07:29:26,DOGE,Open Short,0.17858,2,0.35716,0.00016,-0.00016
2025/11/8 08:05:26,DOGE,Close Short,0.17895,2,0.3579,0.000161,-0.000901
2025/11/8 08:14:24,ADA,Close Short,0.58046,601,348.85645999999997,0.156985,-0.205065
2025/11/8 08:14:27,BNB,Open Long,993.49,0.349,346.72801,0.156027,-0.156027
2025/11/8 08:26:28,HYPE,Open Short,42.136,0.01,0.42136,0.000189,-0.000189
2025/11/8 08:35:28,BNB,Close Long,989.42,0.349,345.30758,0.155388,-1.5758180000000002
2025/11/8 09:23:22,HYPE,Close Short,42.396,0.01,0.42396,0.00019,-0.00279
2025/11/8 09:41:22,ETH,Close Short,3443.2,0.5368,1848.30976,0.831739,2.174341
2025/11/8 09:44:24,HYPE,Open Long,42.57,8.26,351.6282,0.158232,-0.158232
2025/11/8 09:59:21,HYPE,Close Long,42.452,8.26,350.65351999999996,0.157794,-1.132474
2025/11/8 10:05:28,BNB,Open Long,994.21,0.661,657.17281,0.295727,-0.295727
2025/11/8 10:23:23,BNB,Close Long,999.5,0.661,660.6695000000001,0.297301,3.199389
2025/11/8 10:26:23,HYPE,Open Short,42.925,8.22,352.8435,0.158779,-0.158779
2025/11/8 10:32:26,HYPE,Close Short,43.034,8.22,353.73948,0.15918,-1.0551599999999999
2025/11/8 10:35:25,SOL,Open Short,163.6926511628,2.15,351.93920000002,0.158372,-0.158372
2025/11/8 10:59:27,ETH,Open Short,3441.2,0.5367,1846.8920399999997,0.831101,-0.831101
2025/11/8 11:29:23,ETH,Close Short,3453.6,0.5367,1853.5471199999997,0.834096,-7.489176
2025/11/8 11:41:28,HYPE,Open Short,42.428,8.15,345.7882,0.155604,-0.155604
2025/11/8 12:08:28,HYPE,Close Short,42.49,8.15,346.29350000000005,0.155832,-0.6611319999999999
2025/11/8 13:02:26,BNB,Open Short,995.09,0.348,346.29132,0.155831,-0.155831
2025/11/8 13:17:28,HYPE,Open Short,41.8,11.95,499.50999999999993,0.224779,-0.224779
2025/11/8 13:38:25,HYPE,Close Short,41.413,11.95,494.8853499999999,0.222698,4.401952
2025/11/8 13:38:28,XRP,Open Short,2.3143,153,354.0879,0.159339,-0.159339
2025/11/8 14:23:22,BNB,Close Short,991.67,0.348,345.10115999999994,0.155295,1.0348650000000001
2025/11/8 14:47:24,XRP,Close Short,2.3183,153,354.69989999999996,0.159614,-0.771614
2025/11/8 15:14:25,SOL,Close Short,160.72,2.15,345.548,0.155496,6.235594
2025/11/8 15:14:28,HYPE,Open Short,40.712,8.67,352.97304,0.158837,-0.158837
2025/11/8 15:26:27,ETH,Open Short,3427.7,0.5402,1851.64354,0.833239,-0.833239
2025/11/8 15:50:24,ETH,Close Short,3446.9,0.5402,1862.01538,0.837906,-11.209746
2025/11/8 16:17:27,SOL,Open Short,160.35,3.12,500.292,0.225131,-0.225131
2025/11/8 16:23:25,HYPE,Close Short,40.773,8.67,353.50191,0.159075,-0.6879449999999999
2025/11/8 16:26:27,BNB,Open Long,1000.7,0.5,500.35,0.225157,-0.225157
2025/11/8 16:36:08,SOL,Close Short,161.84,3.12,504.9408,0.227223,-4.876023
2025/11/8 17:35:24,ETH,Open Long,3463.4,0.4659,1613.59806,0.726119,-0.726119
2025/11/8 17:59:25,BNB,Close Long,994.61,0.5,497.305,0.223787,-3.268787
2025/11/8 18:05:21,ETH,Close Long,3438,0.4659,1601.7641999999998,0.720793,-12.554653
2025/11/8 18:11:29,BNB,Open Long,993.32,0.327,324.81564000000003,0.146167,-0.146167
2025/11/8 19:08:23,BNB,Close Long,997.71,0.327,326.25117,0.146813,1.288717
2025/11/8 19:11:26,HYPE,Open Long,41.487,7.86,326.08782,0.146739,-0.146739
2025/11/8 19:20:28,HYPE,Close Long,41.709,7.86,327.83274000000006,0.147524,1.597396
2025/11/8 19:23:25,HYPE,Open Long,41.758,7.83,326.96514,0.147134,-0.147134
2025/11/8 19:53:22,HYPE,Close Long,41.061,7.83,321.50763,0.144675,-5.602185
2025/11/8 19:56:24,ETH,Open Long,3407.2,0.591,2013.6551999999997,0.906144,-0.906144
2025/11/8 20:13:44,ETH,Close Long,3399.5,0.591,2009.1045,0.904097,-5.454797
2025/11/8 20:14:26,ETH,Open Short,3401.4,0.5829,1982.67606,0.892204,-0.892204
2025/11/9 01:20:39,ETH,Close Short,3375,0.5829,1967.2875,0.885279,14.503281
2025/11/9 01:23:25,HYPE,Open Long,40.512,8.09,327.74208,0.147483,-0.147483
2025/11/9 01:35:28,ETH,Open Short,3391.7,0.5083,1724.00111,0.7758,-0.7758
2025/11/9 01:38:25,HYPE,Close Long,40.361,8.09,326.52049,0.146934,-1.3685239999999999
2025/11/9 02:53:28,SOL,Open Short,157.99,2.02,319.13980000000004,0.143612,-0.143612
2025/11/9 02:59:27,BNB,Open Short,1004,0.001,1.004,0.000451,-0.000451
2025/11/9 03:11:27,BNB,Close Short,1004.4,0.001,1.0044,0.000451,-0.000851
2025/11/9 04:38:23,ETH,Close Short,3397.1,0.5083,1726.7459299999998,0.777035,-3.521855
2025/11/9 04:50:26,ETH,Open Short,3401.7,0.5009,1703.9115299999999,0.76676,-0.76676
2025/11/9 05:29:24,SOL,Close Short,157.9,2.02,318.958,0.143531,0.038269
2025/11/9 06:08:24,HYPE,Open Long,40.283,7.9,318.2357,0.143206,-0.143206
2025/11/9 06:53:23,HYPE,Close Long,40.353,7.9,318.7887,0.143454,0.4095460000000001
2025/11/9 07:53:21,ETH,Close Short,3401.3,0.5009,1703.71117,0.76667,-0.56631
2025/11/9 07:56:22,ETH,Open Short,3400.4,0.095,323.038,0.145367,-0.145367
2025/11/9 08:05:25,SOL,Open Short,157.71,2.05,323.3055,0.145487,-0.145487
2025/11/9 08:14:25,BNB,Open Short,988.32,0.613,605.84016,0.272628,-0.272628
2025/11/9 08:32:22,BNB,Close Short,986.5091680261,0.613,604.7301199999993,0.272127,0.8379129999999999
2025/11/9 10:14:27,HYPE,Open Short,40.369,8.02,323.75937999999996,0.145691,-0.145691
2025/11/9 10:32:22,HYPE,Close Short,40.2149226933,8.02,322.523680000266,0.145133,1.090567
2025/11/9 11:05:26,BNB,Open Short,981.72,0.628,616.52016,0.277434,-0.277434
2025/11/9 11:59:27,HYPE,Open Short,40.087,8.2,328.7134,0.147921,-0.147921
2025/11/9 12:11:24,SOL,Close Short,156.47,2.05,320.76349999999996,0.144343,2.3976569999999997
2025/11/9 12:41:52,BNB,Close Short,984.5766878981,0.628,618.3141600000068,0.27824,-2.07224
2025/11/9 13:08:41,SOL,Open Short,157.5581701031,3.88,611.325700000028,0.275096,-0.275096
2025/11/9 14:53:59,HYPE,Close Short,39.9469670732,8.2,327.56513000023995,0.147403,1.000867
2025/11/9 15:27:03,BNB,Open Short,986.7088888889,0.612,603.8658400000068,0.271739,-0.271739
2025/11/9 15:33:08,XRP,Open Short,2.2948,139,318.9772,0.143539,-0.143539
2025/11/9 15:35:54,XRP,Close Short,2.2946,139,318.94939999999997,0.143527,-0.115727
2025/11/9 16:18:05,HYPE,Open Short,40.299,7.81,314.73519,0.14163,-0.14163
2025/11/9 16:23:56,SOL,Close Short,158.8184278351,3.88,616.2155000001881,0.277295,-5.167367
2025/11/9 16:50:58,HYPE,Close Short,39.946,7.81,311.97826,0.14039,2.61654
2025/11/9 17:09:23,ETH,Close Short,3431.7,0.095,326.0115,0.146705,-3.120205
2025/11/9 17:10:08,BNB,Close Short,989.87,0.612,605.80044,0.27261,-2.207754
2025/11/9 17:12:00,BNB,Open Long,991.77,0.32,317.3664,0.142814,-0.142814
2025/11/9 17:39:04,ETH,Open Long,3418.7,0.4871,1665.24877,0.749361,-0.749361
2025/11/9 17:47:56,ETH,Close Long,3407.8,0.4871,1659.93938,0.746972,-6.056362
2025/11/9 17:47:59,BNB,Close Long,989.36,0.32,316.59520000000003,0.142467,-0.913667
2025/11/9 17:54:03,ETH,Open Short,3403.4,0.5714,1944.7027600000001,0.875116,-0.875116
2025/11/9 19:08:58,ETH,Close Short,3418.8,0.5714,1953.5023200000003,0.879076,-9.678636
2025/11/9 19:14:58,SOL,Open Short,159.25,3.57,568.5224999999999,0.255835,-0.255835
2025/11/9 21:14:57,SOL,Close Short,159.75,3.57,570.3075,0.246372,-2.0313719999999997
2025/11/9 21:16:38,BNB,Open Long,982.01,0.574,563.67374,0.243507,-0.243507
2025/11/9 21:18:01,ETH,Open Long,3455.6,0.2718,939.2320799999999,0.405748,-0.405748
2025/11/9 21:21:01,BNB,Close Long,978.38,0.574,561.59012,0.242606,-2.3262259999999997
2025/11/9 21:27:06,BNB,Open Long,981.85,0.303,297.50055,0.12852,-0.12852
2025/11/9 21:39:00,SOL,Open Long,159.94,1.86,297.4884,0.128514,-0.128514
2025/11/9 21:56:58,BNB,Close Long,984.57,0.303,298.32471,0.128876,0.695284
2025/11/9 22:05:57,SOL,Close Long,159.25,1.86,296.20500000000004,0.12796,-1.4113600000000002
2025/11/9 22:11:56,ETH,Close Long,3474,0.2718,944.2331999999999,0.407908,4.593212
2025/11/9 22:18:00,ETH,Open Short,3471.1,0.0867,300.94437,0.130007,-0.130007
2025/11/9 22:26:06,ETH,Close Short,3512.2,0.0867,304.50773999999996,0.131547,-3.694917
2025/11/9 22:27:01,XRP,Open Short,2.3022,129,296.98380000000003,0.128297,-0.128297
2025/11/9 22:29:59,XRP,Close Short,2.3157,129,298.7253,0.129049,-1.870549
2025/11/9 22:35:59,ADA,Open Short,0.5747255126,517,297.13309001420004,0.12836,-0.12836
2025/11/9 22:44:59,HYPE,Open Short,40.7,7.33,298.331,0.128878,-0.128878
2025/11/9 23:03:04,ETH,Open Short,3508,0.3587,1258.3196,0.543593,-0.543593
2025/11/9 23:05:57,ADA,Close Short,0.57323,517,296.35991,0.128027,0.644888
2025/11/9 23:22:20,HYPE,Close Short,41.2,7.33,301.99600000000004,0.13046,-3.79546
2025/11/9 23:36:03,BNB,Open Short,997.26,0.288,287.21088,0.124075,-0.124075
2025/11/9 23:39:00,ETH,Close Short,3531,0.3587,1266.5697,0.547157,-8.797257
2025/11/9 23:53:41,XRP,Open Short,2.3271,104,242.0184,0.104551,-0.104551
2025/11/9 23:57:04,ETH,Open Short,3514.8,0.3141,1103.99868,0.476927,-0.476927
2025/11/10 00:06:08,BNB,Close Short,995.71,0.288,286.76448,0.123882,0.322518
2025/11/10 00:06:11,XRP,Close Short,2.3124,104,240.48959999999997,0.103891,1.424909
2025/11/10 00:33:12,BNB,Open Long,996.02,0.288,286.85375999999997,0.12392,-0.12392
2025/11/10 00:50:59,ETH,Close Short,3525.1,0.3141,1107.23391,0.478325,-3.713555
2025/11/10 00:53:56,BNB,Close Long,1002.3,0.288,288.6624,0.124702,1.683938
2025/11/10 01:02:57,ETH,Open Long,3530.5,0.5054,1784.3147,0.770823,-0.770823
2025/11/10 01:20:55,ETH,Close Long,3510.5,0.5054,1774.2067,0.766457,-10.874457000000001
2025/11/10 01:23:59,BNB,Open Short,994.29,0.402,399.70458,0.172672,-0.172672
2025/11/10 01:53:59,BNB,Close Short,993.31,0.402,399.31062000000003,0.172502,0.221458
2025/11/10 01:57:06,SOL,Open Long,161.73,3.2,517.536,0.223575,-0.223575
2025/11/10 02:41:58,SOL,Close Long,162.25,3.2,519.2,0.224294,1.439706
2025/11/10 02:50:58,SOL,Open Short,163.4521176471,1.7,277.86860000007,0.120038,-0.120038
2025/11/10 03:30:17,SOL,Close Short,165.55,1.7,281.435,0.121579,-3.688009
2025/11/10 03:32:55,ETH,Open Long,3560.6,0.4812,1713.3607200000001,0.740171,-0.740171
2025/11/10 03:50:56,ETH,Close Long,3572.8,0.4812,1719.2313600000002,0.742707,5.127933
2025/11/10 03:54:03,ETH,Open Short,3577,0.4854,1736.2758,0.750071,-0.750071
2025/11/10 04:32:56,ETH,Close Short,3583.2,0.4854,1739.2852799999998,0.751371,-3.7608509999999997
2025/11/10 04:45:00,HYPE,Open Long,42.078,6.51,273.92778,0.118336,-0.118336
2025/11/10 04:47:56,HYPE,Close Long,42.075,6.51,273.90825,0.118328,-0.137858
2025/11/10 04:50:59,BNB,Open Short,999.38,0.514,513.68132,0.22191,-0.22191
2025/11/10 05:24:02,ETH,Open Long,3587.7,0.3341,1198.65057,0.517815,-0.517815
2025/11/10 06:02:56,ETH,Close Long,3578.3,0.3341,1195.5100300000001,0.51646,-3.657
2025/11/10 06:29:58,ETH,Open Short,3568.5,0.33,1177.605,0.508725,-0.508725
2025/11/10 06:35:54,BNB,Close Short,991.16,0.514,509.45624,0.220085,4.004995
2025/11/10 07:08:56,ETH,Close Short,3597.2,0.33,1187.076,0.512816,-9.983816000000001
2025/11/10 07:12:02,ETH,Open Short,3579.8,0.463,1657.4474000000002,0.716017,-0.716017
2025/11/10 07:56:55,ETH,Close Short,3581.1,0.463,1658.0493000000001,0.716277,-1.318177
2025/11/10 07:59:59,ETH,Open Long,3582.4,0.4601,1648.26224,0.712048,-0.712048
2025/11/10 08:02:55,ETH,Close Long,3565.7,0.4601,1640.57857,0.708729,-8.392399000000001
2025/11/10 08:06:01,ETH,Open Long,3557.6,0.4504,1602.34304,0.692212,-0.692212
2025/11/10 08:36:53,ETH,Close Long,3621.2,0.4504,1630.98848,0.704587,27.940853
2025/11/10 08:38:57,DOGE,Open Short,0.18147,1532,278.01204,0.1201,-0.1201
2025/11/10 09:18:03,ETH,Open Long,3648,0.3998,1458.4704,0.630059,-0.630059
2025/11/10 09:20:59,DOGE,Close Short,0.18168,1532,278.33376000000004,0.12024,-0.44196
2025/11/10 09:53:54,ETH,Close Long,3637.5,0.3998,1454.2725,0.628245,-4.8261449999999995
2025/11/10 09:56:59,ETH,Open Short,3630,0.4708,1709.004,0.738289,-0.738289
2025/11/10 10:24:04,ETH,Close Short,3630.3,0.4708,1709.14524,0.73835,-0.87959
2025/11/10 10:29:58,ETH,Open Short,3624.2,0.0751,272.17742,0.11758,-0.11758
2025/11/10 10:44:58,SOL,Open Short,166.56,1.63,271.4928,0.117284,-0.117284
2025/11/10 11:03:45,SOL,Close Short,168.51,1.63,274.6713,0.118658,-3.297158
2025/11/10 11:09:02,ETH,Close Short,3631.8,0.0751,272.74818,0.117827,-0.6885870000000001
2025/11/10 11:09:05,BNB,Open Long,1015.5638513514,0.296,300.6069000000144,0.129861,-0.129861
2025/11/10 11:39:00,XRP,Open Short,2.4607,109,268.2163,0.115869,-0.115869
2025/11/10 11:42:01,XRP,Close Short,2.4687,109,269.0883,0.116246,-0.988246
2025/11/10 11:53:58,BNB,Close Long,1012.7,0.296,299.7592,0.129495,-0.976943
2025/11/10 11:57:03,HYPE,Open Long,42.8,11.7,500.75999999999993,0.216328,-0.216328
2025/11/10 12:09:02,ETH,Open Long,3628.2912286159,0.3215,1166.495630000012,0.503925,-0.503925
2025/11/10 12:23:54,ETH,Close Long,3615.1,0.3215,1162.25465,0.502092,-4.7426770000000005
2025/11/10 12:30:03,ETH,Open Short,3609.7,0.3162,1141.3871399999998,0.493079,-0.493079
2025/11/10 12:35:58,HYPE,Close Long,42.67,11.7,499.239,0.215671,-1.7366709999999999
2025/11/10 14:45:52,ETH,Close Short,3608.6,0.3162,1141.0393199999999,0.492928,-0.14510799999999996
2025/11/10 14:48:03,XRP,Open Short,2.4653,106,261.3218,0.112891,-0.112891
2025/11/10 14:56:59,XRP,Close Short,2.4733,106,262.1698,0.113257,-0.961257
2025/11/10 15:03:07,HYPE,Open Short,42.658,11.41,486.72778,0.210266,-0.210266
2025/11/10 15:06:06,XRP,Open Short,2.479,105,260.295,0.112447,-0.112447
2025/11/10 15:18:03,ETH,Open Long,3617.1,0.2425,877.14675,0.378927,-0.378927
2025/11/10 15:21:04,HYPE,Close Short,42.821,11.41,488.58761,0.211069,-2.0708990000000003
2025/11/10 15:42:00,XRP,Close Short,2.4886,105,261.303,0.112882,-1.120882
2025/11/10 15:45:06,XRP,Open Long,2.4862,129,320.7198,0.13855,-0.13855
2025/11/10 16:18:01,ETH,Close Long,3602.9341443299,0.2425,873.7115300000007,0.377441,-3.8126610000000003
2025/11/10 16:18:04,XRP,Close Long,2.4763,129,319.4427,0.137999,-1.4150989999999999
2025/11/10 16:21:04,ETH,Open Short,3603.4,0.4379,1577.92886,0.681665,-0.681665
2025/11/10 17:45:58,ETH,Close Short,3621.3,0.4379,1585.76727,0.68505,-8.52346
2025/11/10 17:57:04,ETH,Open Long,3623.8,0.4226,1531.41788,0.661572,-0.661572
2025/11/10 18:27:04,ETH,Close Long,3618.4,0.4226,1529.13584,0.660586,-2.9426259999999997
2025/11/10 18:33:02,ETH,Open Long,3610.5,0.419,1512.7994999999999,0.653529,-0.653529
2025/11/10 19:03:13,ETH,Close Long,3607.5,0.419,1511.5425,0.652986,-1.909986
2025/11/10 19:06:05,HYPE,Open Short,42.166,5.68,239.50287999999998,0.103464,-0.103464
2025/11/10 19:45:05,HYPE,Close Short,42.409,5.68,240.88312,0.104061,-1.4843009999999999
2025/11/10 19:48:00,ETH,Open Long,3621.1,0.0829,300.18919,0.129681,-0.129681
2025/11/10 19:57:04,ETH,Close Long,3609.1,0.0829,299.19439,0.129251,-1.1240510000000001
2025/11/10 20:03:04,ETH,Open Short,3605.1,0.4123,1486.38273,0.642117,-0.642117
2025/11/10 21:29:57,ETH,Close Short,3607.4,0.4123,1487.33102,0.642527,-1.590817
2025/11/10 21:36:03,ETH,Open Long,3617.4341020608,0.4076,1474.466139999982,0.636968,-0.636968
2025/11/10 22:36:01,ETH,Close Long,3592.9266928361,0.4076,1464.4769199999944,0.63265,-10.620198
2025/11/10 22:45:06,HYPE,Open Short,41.516,5.46,226.67736,0.097923,-0.097923
2025/11/10 23:00:06,SOL,Open Short,166.02,2.57,426.6714,0.184322,-0.184322
2025/11/10 23:03:04,ETH,Open Long,3540,0.2155,762.87,0.329559,-0.329559
2025/11/10 23:06:06,HYPE,Close Short,41.627,5.46,227.28342,0.098186,-0.704246
2025/11/10 23:12:24,ETH,Close Long,3541.5,0.2155,763.19325,0.329698,-0.006448000000000009
2025/11/10 23:20:59,BNB,Open Short,985,0.23,226.55,0.097869,-0.097869
2025/11/10 23:39:24,ETH,Open Short,3530.1,0.2146,757.5594600000001,0.327265,-0.327265
2025/11/11 00:00:04,SOL,Close Short,166.18,2.57,427.0826,0.184499,-0.595699
2025/11/11 01:21:03,BNB,Close Short,982.09,0.23,225.88070000000002,0.09758,0.57172
2025/11/11 01:21:07,XRP,Open Short,2.5485,89,226.81650000000002,0.097984,-0.097984
2025/11/11 01:30:05,XRP,Close Short,2.548,89,226.772,0.097965,-0.053465
2025/11/11 01:50:58,ETH,Close Short,3555.2,0.2146,762.94592,0.329592,-5.7160519999999995
2025/11/11 01:57:03,ETH,Open Short,3546.4,0.389,1379.5496,0.595965,-0.595965
2025/11/11 03:15:01,ETH,Close Short,3548.1,0.389,1380.2109,0.596251,-1.2575509999999999
2025/11/11 03:24:03,XRP,Open Long,2.551,162,413.262,0.178529,-0.178529
2025/11/11 04:29:57,XRP,Close Long,2.5507,162,413.2134,0.178508,-0.227108
2025/11/11 04:33:00,SOL,Open Short,166.85,1.31,218.5735,0.094423,-0.094423
2025/11/11 05:26:57,SOL,Close Short,166.03,1.31,217.4993,0.093959,0.980241
2025/11/11 05:27:00,ETH,Open Short,3540.2,0.3882,1374.3056399999998,0.5937,-0.5937
2025/11/11 05:59:56,ETH,Close Short,3541.5,0.3882,1374.8102999999999,0.593918,-1.0985779999999998
2025/11/11 06:12:22,ETH,Open Short,3533.1,0.3857,1362.71667,0.588693,-0.588693
2025/11/11 06:41:57,ETH,Close Short,3555.4,0.3857,1371.31778,0.592409,-9.193519
2025/11/11 06:44:58,BNB,Open Short,989.11,0.399,394.65489,0.17049,-0.17049
2025/11/11 07:48:03,SOL,Open Short,167.86,1.79,300.4694,0.129801,-0.129801
2025/11/11 07:54:02,ETH,Open Short,3562.9,0.1744,621.36976,0.268431,-0.268431
2025/11/11 08:06:00,ETH,Close Short,3572.7,0.1744,623.0788799999999,0.269169,-1.978289
2025/11/11 08:11:58,BNB,Close Short,989.79,0.399,394.92621,0.170608,-0.441928
2025/11/11 08:12:02,HYPE,Open Short,41.085,5.11,209.94435000000001,0.090695,-0.090695
2025/11/11 09:18:03,SOL,Close Short,169.1427374302,1.79,302.76550000005795,0.130792,-2.426892
2025/11/11 09:20:56,HYPE,Close Short,41.588,5.11,212.51468000000003,0.091806,-2.662136
2025/11/11 09:26:59,ETH,Open Long,3631.6,0.3513,1275.78108,0.551137,-0.551137
2025/11/11 09:39:06,ETH,Close Long,3598.5,0.3513,1264.15305,0.546114,-12.174144
2025/11/11 09:45:21,ETH,Open Short,3600.7,0.3368,1212.7157599999998,0.523893,-0.523893
2025/11/11 10:33:08,ETH,Close Short,3611.4,0.3368,1216.31952,0.52545,-4.12921
2025/11/11 10:36:03,SOL,Open Short,170.67,2.09,356.70029999999997,0.154094,-0.154094
2025/11/11 11:18:07,SOL,Close Short,171.39,2.09,358.20509999999996,0.154744,-1.659544
2025/11/11 11:21:01,SOL,Open Short,171.51,2.06,353.31059999999997,0.15263,-0.15263
2025/11/11 12:12:09,ETH,Open Short,3590.9,0.2303,826.98427,0.357257,-0.357257
2025/11/11 12:17:58,SOL,Close Short,168.88,2.06,347.8928,0.150289,5.267511
2025/11/11 14:06:05,SOL,Open Short,164.3,1.22,200.446,0.086592,-0.086592
2025/11/11 14:24:08,XRP,Open Short,2.4602,72,177.1344,0.076522,-0.076522
2025/11/11 14:54:15,XRP,Close Short,2.4693,72,177.7896,0.076805,-0.732005
2025/11/11 15:03:01,ETH,Close Short,3558.1869300912,0.2303,819.4504500000033,0.354001,7.179819
2025/11/11 15:15:01,ETH,Open Long,3564.1,0.2905,1035.37105,0.44728,-0.44728
2025/11/11 15:33:03,ETH,Close Long,3556.9888468158,0.2905,1033.3052599999899,0.446387,-2.512177
2025/11/11 15:57:21,BNB,Open Short,973.86,0.2,194.77200000000002,0.084141,-0.084141
2025/11/11 16:42:14,XRP,Open Long,2.4413,80,195.304,0.084371,-0.084371
2025/11/11 16:48:08,XRP,Close Long,2.4458,80,195.66400000000002,0.084526,0.275474
2025/11/11 17:03:05,ETH,Open Long,3564.1,0.232,826.8712,0.357208,-0.357208
2025/11/11 17:06:15,BNB,Close Short,979.36,0.2,195.872,0.084616,-1.1846160000000001
2025/11/11 17:42:02,ETH,Close Long,3575.1036206897,0.232,829.4240400000105,0.35831,2.1945300000000003
2025/11/11 17:57:06,ETH,Open Short,3553.8,0.2881,1023.8497800000001,0.442303,-0.442303
2025/11/11 18:08:57,SOL,Close Short,164.26,1.22,200.3972,0.086571,-0.03777099999999999
2025/11/11 18:15:10,SOL,Open Short,163.75,1.19,194.86249999999998,0.08418,-0.08418
2025/11/11 18:42:12,BNB,Open Short,978.46,0.005,4.8923000000000005,0.002113,-0.002113
2025/11/11 18:48:00,BNB,Close Short,978.09,0.005,4.89045,0.002112,-0.0002620000000000001
2025/11/11 19:15:05,ETH,Close Short,3572.7,0.2881,1029.29487,0.444655,-5.8897450000000005
2025/11/11 19:18:12,ETH,Open Short,3570.4216642755,0.2788,995.4335600000094,0.430025,-0.430025
2025/11/11 19:42:07,ETH,Close Short,3579,0.2788,997.8252,0.43106,-2.823164
2025/11/11 19:42:09,SOL,Close Short,163.96,1.19,195.1124,0.084288,-0.33418800000000004
2025/11/11 19:51:05,SOL,Open Short,163.29,2.16,352.70640000000003,0.152369,-0.152369
2025/11/11 20:09:13,ETH,Open Short,3590.2,0.2289,821.7967799999999,0.355016,-0.355016
2025/11/11 20:36:02,SOL,Close Short,163.18,2.16,352.46880000000004,0.152266,0.085334
2025/11/11 21:24:18,HYPE,Open Short,39.937,4.88,194.89255999999997,0.084193,-0.084193
2025/11/11 21:48:07,SOL,Open Short,163.61,0.96,157.06560000000002,0.067852,-0.067852
2025/11/11 21:54:07,SOL,Close Short,162.94,0.96,156.42239999999998,0.067574,0.575626
2025/11/11 21:54:10,HYPE,Close Short,40.176,4.88,196.05888000000002,0.084697,-1.251017
2025/11/11 22:03:09,ETH,Close Short,3522.8,0.2289,806.36892,0.348351,15.079509000000002
2025/11/11 22:09:25,ADA,Open Short,0.5741,523,300.2543,0.129709,-0.129709
2025/11/11 22:12:13,SOL,Open Short,161.92,1.54,249.3568,0.107722,-0.107722
2025/11/11 22:18:10,ETH,Open Short,3528.2,0.1967,693.99694,0.299806,-0.299806
2025/11/11 22:24:04,ADA,Close Short,0.57697,523,301.75531,0.130358,-1.631368
2025/11/11 22:51:14,BNB,Open Short,975.96,0.298,290.83608,0.125641,-0.125641
2025/11/11 22:57:15,BNB,Close Short,980.94,0.298,292.32012000000003,0.126282,-1.610322
2025/11/11 23:12:08,SOL,Close Short,162.09,1.54,249.61860000000001,0.107835,-0.369635
2025/11/11 23:27:16,SOL,Open Short,161.46,2.32,374.5872,0.161821,-0.161821
2025/11/11 23:33:09,ETH,Close Short,3468.5,0.1967,682.25395,0.294733,11.448257
2025/11/11 23:39:09,BNB,Open Short,973.39,0.308,299.80412,0.129515,-0.129515
2025/11/11 23:45:26,ETH,Open Short,3478.7,0.1738,604.59806,0.261186,-0.261186
2025/11/12 00:15:07,BNB,Close Short,975.84,0.308,300.55872,0.129841,-0.884441
2025/11/12 01:39:06,BNB,Open Short,966.8,0.305,294.87399999999997,0.127385,-0.127385
2025/11/12 01:54:04,ETH,Close Short,3465.9,0.1738,602.37342,0.260225,1.964415
2025/11/12 02:42:11,BNB,Close Short,966.56,0.305,294.8008,0.127353,-0.05415299999999999
2025/11/12 02:42:14,HYPE,Open Short,39.335,5.33,209.65555,0.090571,-0.090571
2025/11/12 02:57:04,SOL,Close Short,158.94,2.32,368.7408,0.159296,5.687104
2025/11/12 03:06:13,SOL,Open Long,158.08,1.33,210.24640000000002,0.090826,-0.090826
2025/11/12 03:15:04,SOL,Close Long,157.89,1.33,209.9937,0.090717,-0.343417
2025/11/12 03:45:24,ETH,Open Short,3450.069047619,0.0756,260.82521999999636,0.112675,-0.112675
2025/11/12 04:06:09,SOL,Open Short,157.17,2.5,392.92499999999995,0.169743,-0.169743
2025/11/12 05:03:03,SOL,Close Short,156.83,2.5,392.07500000000005,0.169376,0.680624
2025/11/12 05:30:09,XRP,Open Short,2.4002,88,211.2176,0.091246,-0.091246
2025/11/12 05:39:05,ETH,Close Short,3420.8,0.0756,258.61248,0.11172,2.100336
2025/11/12 05:39:08,SOL,Open Short,156.45,1.36,212.772,0.091917,-0.091917
2025/11/12 05:48:03,XRP,Close Short,2.3909,88,210.39919999999998,0.090892,0.727508
2025/11/12 05:48:06,ETH,Open Short,3412.5,0.2635,899.19375,0.388451,-0.388451
2025/11/12 06:09:41,HYPE,Close Short,38.713,5.33,206.34029,0.089139,3.226121
2025/11/12 06:30:06,ETH,Close Short,3430.8,0.2635,904.0158000000001,0.390534,-5.212584
2025/11/12 06:39:01,SOL,Close Short,156.84,1.36,213.3024,0.092146,-0.622546
2025/11/12 06:51:04,HYPE,Open Long,39.121,7.67,300.05807,0.129625,-0.129625
2025/11/12 07:03:01,HYPE,Close Long,38.79,7.67,297.5193,0.128525,-2.667295
2025/11/12 07:09:02,ETH,Open Short,3421.3458686441,0.3776,1291.900200000012,0.558098,-0.558098
2025/11/12 09:08:57,ETH,Close Short,3429,0.3776,1294.7903999999999,0.559349,-3.451765
2025/11/12 09:12:08,ETH,Open Short,3426.9,0.3714,1272.7506600000002,0.549828,-0.549828
2025/11/12 10:03:05,HYPE,Open Short,39.111,0.01,0.39110999999999996,0.000168,-0.000168
2025/11/12 11:42:05,ETH,Close Short,3440.5,0.3714,1277.8017,0.552009,-5.603049
2025/11/12 12:03:11,BNB,Open Short,960.14,0.207,198.74898,0.085859,-0.085859
2025/11/12 12:21:15,HYPE,Close Short,39.167,0.01,0.39167,0.000169,-0.0007289999999999999
2025/11/12 12:21:18,ETH,Open Short,3435.3,0.3036,1042.95708,0.450557,-0.450557
2025/11/12 13:08:52,ETH,Close Short,3449.8,0.3036,1047.35928,0.452459,-4.854659
2025/11/12 13:12:06,ETH,Open Short,3449.7,0.2948,1016.97156,0.439331,-0.439331
2025/11/12 13:33:01,BNB,Close Short,959.81,0.207,198.68067,0.08583,-0.017520000000000008
2025/11/12 13:51:06,BNB,Open Short,957.2511764706,0.204,195.27924000000237,0.084359,-0.084359
2025/11/12 14:15:01,SOL,Open Short,155.67,0.02,3.1134,0.001344,-0.001344
2025/11/12 14:48:05,SOL,Close Short,156.15,0.02,3.123,0.001349,-0.010948999999999999
2025/11/12 14:48:08,HYPE,Open Long,39.595,0.08,3.1676,0.001368,-0.001368
2025/11/12 14:51:09,BNB,Close Short,959.22,0.204,195.68088,0.084534,-0.48621
2025/11/12 14:51:12,XRP,Open Short,2.3936,80,191.488,0.082722,-0.082722
2025/11/12 15:00:05,HYPE,Close Long,39.479,0.08,3.15832,0.001364,-0.010644
2025/11/12 15:21:44,BNB,Open Short,957.32,0.004,3.8292800000000002,0.001654,-0.001654
2025/11/12 16:07:03,XRP,Close Short,2.3822,80,190.57600000000002,0.082328,0.8296720000000001
2025/11/12 16:07:06,SOL,Open Short,155.25,1.26,195.615,0.084505,-0.084505
2025/11/12 16:30:33,ETH,Close Short,3456.4,0.2948,1018.94672,0.440184,-2.415344
2025/11/12 16:30:36,SOL,Close Short,156.5484126984,1.26,197.250999999984,0.085212,-1.721212
2025/11/12 16:30:39,BNB,Close Short,959.21,0.004,3.83684,0.001657,-0.009217
2025/11/12 16:36:12,SOL,Open Short,157.13,1.22,191.6986,0.082813,-0.082813
2025/11/12 16:45:27,ETH,Open Short,3469.3,0.2884,1000.54612,0.432235,-0.432235
2025/11/12 17:11:38,SOL,Close Short,158.53,1.22,193.4066,0.083551,-1.791551
2025/11/12 17:36:02,ETH,Close Short,3473.4,0.2884,1001.72856,0.432746,-1.615186
2025/11/12 17:39:09,HYPE,Open Short,39.888,8.83,352.21103999999997,0.152155,-0.152155
2025/11/12 17:54:08,ETH,Open Short,3478.3,0.236,820.8788,0.354619,-0.354619
2025/11/12 18:30:17,ETH,Close Short,3522,0.236,831.192,0.359074,-10.672274
2025/11/12 18:34:16,HYPE,Close Short,40.303,8.83,355.87548999999996,0.153738,-3.818188
2025/11/12 18:45:15,ETH,Open Long,3529.3,0.3111,1097.96523,0.47432,-0.47432
2025/11/12 19:06:10,ETH,Close Long,3544.9,0.3111,1102.81839,0.476417,4.376743
2025/11/12 19:30:08,BNB,Open Long,970.1,0.184,178.4984,0.077111,-0.077111
2025/11/12 20:00:10,ETH,Open Long,3547.6,0.2647,939.04972,0.405669,-0.405669
2025/11/12 20:21:06,BNB,Close Long,974.17,0.184,179.24728,0.077434,0.671446
2025/11/12 20:27:07,ADA,Open Short,0.57667,312,179.92104,0.077725,-0.077725
2025/11/12 20:36:08,SOL,Open Long,159.45,0.01,1.5945,0.000688,-0.000688
2025/11/12 21:09:07,ADA,Close Short,0.57379,312,179.02248,0.077337,0.821223
2025/11/12 21:09:10,SOL,Close Long,159.34,0.01,1.5934000000000001,0.000688,-0.001788
2025/11/12 21:30:01,ETH,Close Long,3561,0.2647,942.5966999999999,0.407201,3.139779
2025/11/12 21:33:15,ETH,Open Long,3560.8,0.3194,1137.31952,0.491322,-0.491322
2025/11/12 21:50:56,ETH,Close Long,3584,0.3194,1144.7296000000001,0.494523,6.915557
2025/11/12 22:06:02,ETH,Open Short,3566,0.3279,1169.2914,0.505133,-0.505133
2025/11/12 22:49:01,ETH,Close Short,3497.5,0.3279,1146.83025,0.49543,21.96572
2025/11/12 22:54:07,BNB,Open Short,965.46,0.397,383.28762000000006,0.16558,-0.16558
2025/11/12 23:09:07,ETH,Open Short,3501.7,0.2549,892.58333,0.385595,-0.385595
2025/11/13 00:10:35,ETH,Close Short,3398.5694389957,0.2549,866.295350000004,0.374239,25.913741
2025/11/13 00:15:01,BNB,Close Short,940.06,0.397,373.20382,0.161224,9.922576
2025/11/13 00:21:00,ETH,Open Short,3397.8,0.4268,1450.1810400000002,0.626476,-0.626476
2025/11/13 00:33:00,ETH,Close Short,3408.7,0.4268,1454.83316,0.628487,-5.280607
2025/11/13 00:33:04,SOL,Open Short,153.7856428571,2.8,430.59979999987996,0.186017,-0.186017
2025/11/13 00:36:05,XRP,Open Short,2.3449,97,227.4553,0.09826,-0.09826
2025/11/13 01:06:02,XRP,Close Short,2.3373,97,226.7181,0.097942,0.639258
2025/11/13 01:06:07,ETH,Open Short,3401.2,0.2927,995.53124,0.430069,-0.430069
2025/11/13 01:44:56,ETH,Close Short,3430.1,0.2927,1003.99027,0.433723,-8.892753
2025/11/13 02:21:01,BNB,Open Short,951.61,0.436,414.90196000000003,0.179237,-0.179237
2025/11/13 02:48:09,ETH,Open Short,3426.8893822394,0.1554,532.5386100000028,0.230054,-0.230054
2025/11/13 03:26:57,SOL,Close Short,152.08,2.8,425.824,0.183955,4.591725
2025/11/13 03:44:59,XRP,Open Short,2.3416,97,227.13520000000003,0.098122,-0.098122
2025/11/13 03:59:59,SOL,Open Short,152.95,1.47,224.83649999999997,0.097129,-0.097129
2025/11/13 04:17:57,SOL,Close Short,153.26,1.47,225.29219999999998,0.097326,-0.553026
2025/11/13 04:18:00,XRP,Close Short,2.3436,97,227.3292,0.098206,-0.292206
2025/11/13 04:30:05,SOL,Open Short,153.95,1.45,223.22749999999996,0.096434,-0.096434
2025/11/13 04:47:58,BNB,Close Short,953.71,0.436,415.81756,0.179633,-1.095233
2025/11/13 05:48:04,HYPE,Open Short,38.36,5.83,223.6388,0.096611,-0.096611
2025/11/13 07:11:58,HYPE,Close Short,38.316,5.83,223.38228,0.096501,0.16001900000000002
2025/11/13 07:27:02,XRP,Open Short,2.3871,94,224.3874,0.096935,-0.096935
2025/11/13 07:53:59,BNB,Open Short,952.47,0.429,408.60963,0.176519,-0.176519
2025/11/13 08:08:57,XRP,Close Short,2.389,94,224.56599999999997,0.097012,-0.275612
2025/11/13 09:12:01,ETH,Close Short,3440,0.1554,534.576,0.230936,-2.269784
2025/11/13 09:15:00,ETH,Open Short,3443.5,0.2163,744.8290499999999,0.321766,-0.321766
2025/11/13 09:50:59,BNB,Close Short,955.8,0.429,410.03819999999996,0.177136,-1.6057059999999999
2025/11/13 11:15:55,SOL,Close Short,150.47,1.45,218.1815,0.094254,4.951746
2025/11/13 11:18:06,SOL,Open Short,152.05,1.5,228.07500000000002,0.098528,-0.098528
2025/11/13 11:39:03,SOL,Close Short,154.53,1.5,231.79500000000002,0.100135,-3.820135
2025/11/13 11:42:23,ETH,Close Short,3461.5,0.2163,748.72245,0.323448,-4.216848000000001
2025/11/13 12:00:14,SOL,Open Short,154.33,2.62,404.34460000000007,0.174676,-0.174676
2025/11/13 14:12:13,ETH,Open Short,3535,0.2674,945.2590000000001,0.408351,-0.408351
2025/11/13 14:35:10,SOL,Close Short,157,2.62,411.34000000000003,0.177698,-7.173098
2025/11/13 15:12:01,ETH,Close Short,3545.6,0.2674,948.0934400000001,0.409575,-3.244015
2025/11/13 15:18:16,BNB,Open Short,967.01,0.31,299.7731,0.129501,-0.129501
2025/11/13 15:27:07,ETH,Open Long,3551.5,0.2801,994.77515,0.429742,-0.429742
2025/11/13 15:48:04,BNB,Close Short,964.12,0.31,298.8772,0.129114,0.766786
2025/11/13 16:15:06,ETH,Close Long,3536.9,0.2801,990.6856900000001,0.427976,-4.517436
2025/11/13 16:27:11,SOL,Open Long,156.03,2.45,382.2735,0.165142,-0.165142
2025/11/13 16:51:16,XRP,Open Long,2.5058,152,380.8816,0.16454,-0.16454
2025/11/13 17:03:08,SOL,Close Long,155.59,2.45,381.19550000000004,0.164676,-1.2426760000000001
2025/11/13 17:08:49,XRP,Close Long,2.4783,152,376.7016,0.162735,-4.342734999999999
2025/11/13 17:12:08,ETH,Open Long,3492.6,0.356,1243.3655999999999,0.537133,-0.537133
2025/11/13 17:30:00,ETH,Close Long,3502.7,0.356,1246.9612,0.538685,3.056915
2025/11/13 17:39:06,HYPE,Open Short,38.783,5.18,200.89594,0.086787,-0.086787
2025/11/13 17:54:14,ETH,Open Short,3480.5,0.3029,1054.24345,0.455433,-0.455433
2025/11/13 18:21:21,HYPE,Close Short,39.1153841699,5.18,202.61769000008198,0.087528,-1.809577
2025/11/13 18:54:02,ETH,Close Short,3504.5,0.3029,1061.51305,0.458573,-7.728173
2025/11/13 18:57:08,HYPE,Open Short,38.7691283422,7.48,289.993079999656,0.125276,-0.125276
2025/11/13 19:06:12,ETH,Open Long,3512,0.2608,915.9295999999999,0.395681,-0.395681
2025/11/13 19:18:04,HYPE,Close Short,38.939,7.48,291.26372000000003,0.125825,-1.3966770000000002
2025/11/13 19:24:03,ETH,Close Long,3503.3044478528,0.2608,913.6618000000102,0.3947,-2.6624999999999996
2025/11/13 19:30:07,ETH,Open Short,3500.5,0.3376,1181.7688,0.510524,-0.510524
2025/11/13 20:35:58,ETH,Close Short,3492.3,0.3376,1179.0004800000002,0.509328,2.258992
2025/11/13 20:38:59,SOL,Open Short,156.8,1.22,191.29600000000002,0.082639,-0.082639
2025/11/13 21:18:03,ETH,Open Short,3486.6,0.287,1000.6542,0.432282,-0.432282
2025/11/13 22:36:42,SOL,Close Short,152.42,1.22,185.95239999999998,0.080331,5.263269
2025/11/13 22:36:45,ETH,Close Short,3398.4,0.287,975.3408,0.421347,24.892053
2025/11/13 22:39:05,ETH,Open Long,3411.5,0.0786,268.14390000000003,0.115838,-0.115838
2025/11/13 22:59:59,ETH,Close Long,3441.6,0.0786,270.50976,0.11686,2.249
2025/11/13 23:03:08,ETH,Open Short,3425.3,0.394,1349.5682000000002,0.583013,-0.583013
2025/11/14 00:11:58,ETH,Close Short,3389.3,0.394,1335.3842000000002,0.576885,13.607114999999999
2025/11/14 00:15:02,SOL,Open Short,152.82,1.48,226.1736,0.097706,-0.097706
2025/11/14 00:24:05,BNB,Open Short,952.3,0.448,426.6304,0.184304,-0.184304
2025/11/14 00:30:10,ETH,Open Short,3364,0.2266,762.2823999999999,0.329305,-0.329305
2025/11/14 01:05:17,SOL,Close Short,150.41,1.48,222.6068,0.096166,3.470634
2025/11/14 01:27:02,SOL,Open Short,149.97,1.62,242.9514,0.104955,-0.104955
2025/11/14 02:33:27,SOL,Close Short,145.46,1.62,235.64520000000002,0.101798,7.204402
2025/11/14 02:35:22,BNB,Close Short,919.6,0.448,411.98080000000004,0.177975,14.471625
2025/11/14 02:50:01,ETH,Close Short,3200,0.2266,725.12,0.313251,36.849149
2025/11/14 02:50:57,BNB,Open Short,917.21,0.564,517.30644,0.223476,-0.223476
2025/11/14 02:53:57,ETH,Open Short,3201.1,0.3762,1204.25382,0.520237,-0.520237
2025/11/14 04:35:55,ETH,Close Short,3183.4,0.3762,1197.59508,0.517361,6.141379
2025/11/14 04:39:01,ETH,Open Long,3197.7,0.3856,1233.0331199999998,0.532668,-0.532668
2025/11/14 04:45:00,ETH,Close Long,3182.7,0.3856,1227.24912,0.530171,-6.314171
2025/11/14 04:45:04,BNB,Close Short,915.32,0.564,516.2404799999999,0.223015,0.842945
2025/11/14 04:48:01,ETH,Open Short,3180,0.5409,1720.0620000000001,0.743066,-0.743066
2025/11/14 06:08:56,ETH,Close Short,3195.7,0.5409,1728.55413,0.746735,-9.238864999999999
2025/11/14 06:11:55,ETH,Open Short,3209.7,0.0832,267.04704,0.115364,-0.115364
2025/11/14 06:33:05,ADA,Open Short,0.52729,506,266.80874,0.115261,-0.115261
2025/11/14 06:57:18,DOGE,Open Short,0.16344,1622,265.09968,0.114522,-0.114522
2025/11/14 07:05:58,ETH,Close Short,3227.9,0.0832,268.56128,0.116018,-1.630258
2025/11/14 07:09:06,ETH,Open Short,3233.7886213815,0.3489,1128.2688500000054,0.487411,-0.487411
2025/11/14 07:14:59,ADA,Close Short,0.52972,506,268.03832,0.115792,-1.3453719999999998
2025/11/14 07:17:56,ETH,Close Short,3250.2,0.3489,1133.99478,0.489885,-6.218823
2025/11/14 08:03:03,BNB,Open Short,924.2726235741,0.526,486.1673999999766,0.210023,-0.210023
2025/11/14 08:18:03,ETH,Open Short,3202.9250645042,0.2713,868.9535699999893,0.375387,-0.375387
2025/11/14 08:20:59,DOGE,Close Short,0.16345,1622,265.1159,0.11453,-0.13075
2025/11/14 08:39:12,SOL,Open Short,143.88,1.76,253.2288,0.109394,-0.109394
2025/11/14 09:21:06,ETH,Close Short,3216.1,0.2713,872.52793,0.376932,-3.9526660000000002
2025/11/14 09:30:06,ETH,Open Short,3201.2,0.2681,858.24172,0.37076,-0.37076
2025/11/14 09:39:00,SOL,Close Short,144.2076704545,1.76,253.80549999992002,0.109641,-0.686341
2025/11/14 10:01:34,ETH,Close Short,3221.3,0.2681,863.63053,0.373088,-5.761898
2025/11/14 10:18:13,ETH,Open Short,3243.6018685955,0.3318,1076.2270999999869,0.464929,-0.464929
2025/11/14 10:24:02,BNB,Close Short,928.08,0.526,488.17008000000004,0.210889,-2.213897
2025/11/14 11:36:07,SOL,Open Short,144.39,2.77,399.96029999999996,0.172782,-0.172782
2025/11/14 12:18:01,SOL,Close Short,143.5262093863,2.77,397.567600000051,0.171748,2.220952
2025/11/14 12:39:04,ETH,Close Short,3144.3,0.3318,1043.27874,0.450696,32.497044
2025/11/14 12:42:07,ETH,Open Short,3133.3,0.55,1723.3150000000003,0.744472,-0.744472
2025/11/14 13:03:02,ETH,Close Short,3180.7,0.55,1749.385,0.755734,-26.825734
2025/11/14 13:15:05,SOL,Open Short,141.45,1.79,253.19549999999998,0.10938,-0.10938
2025/11/14 13:50:18,SOL,Close Short,143.49,1.79,256.8471,0.110957,-3.762557
2025/11/14 14:00:05,HYPE,Open Short,37.12,12.64,469.1968,0.202693,-0.202693
2025/11/14 14:09:11,ETH,Open Short,3178.9,0.3441,1093.85949,0.472546,-0.472546
2025/11/14 14:59:20,ETH,Close Short,3221.4,0.3441,1108.4837400000001,0.478864,-15.103114
2025/11/14 15:09:06,ETH,Open Short,3194.9,0.3183,1016.9366700000002,0.439316,-0.439316
2025/11/14 15:12:06,HYPE,Close Short,37.4670585443,12.64,473.583619999952,0.204587,-4.591407
2025/11/14 15:12:09,SOL,Open Short,142.77,1.63,232.7151,0.100532,-0.100532
2025/11/14 15:46:26,ETH,Close Short,3225.4,0.3183,1026.6448200000002,0.44351,-10.15166
2025/11/14 16:12:03,HYPE,Open Short,37.272,6.07,226.24104,0.097736,-0.097736
2025/11/14 16:33:11,BNB,Open Short,916.35,0.465,426.10275,0.184076,-0.184076
2025/11/14 16:39:04,HYPE,Close Short,37.306,6.07,226.44742,0.097825,-0.304205
2025/11/14 17:18:06,ETH,Open Short,3189.6,0.2347,748.59912,0.323394,-0.323394
2025/11/14 19:42:02,ETH,Close Short,3128.8,0.2347,734.3293600000001,0.31723,13.95253
2025/11/14 19:45:09,ETH,Open Short,3136.2,0.2605,816.9801,0.352935,-0.352935
2025/11/14 20:40:56,BNB,Close Short,889.98,0.465,413.8407,0.178779,12.083271
2025/11/14 20:42:06,BNB,Open Short,888.9766329966,0.297,264.0260599999902,0.114058,-0.114058
2025/11/14 20:51:04,BNB,Close Short,901.94,0.297,267.87618,0.115722,-3.96603
2025/11/14 21:03:18,BNB,Open Short,908.16,0.51,463.16159999999996,0.200085,-0.200085
2025/11/14 21:09:04,SOL,Close Short,138.75,1.63,226.1625,0.097702,6.454898
2025/11/14 21:18:05,SOL,Open Short,138.08,1.83,252.68640000000002,0.10916,-0.10916
2025/11/14 22:21:07,SOL,Close Short,138.86,1.83,254.11380000000003,0.109777,-1.537177
2025/11/14 22:23:51,ETH,Close Short,3155.7667946257,0.2605,822.0772499999949,0.355134,-5.452284
2025/11/14 22:27:06,HYPE,Open Short,37.2583039702,8.06,300.301929999812,0.129729,-0.129729
2025/11/14 22:36:07,BNB,Close Short,916.8205882353,0.51,467.578500000003,0.201992,-4.618892
2025/11/14 22:36:13,ETH,Open Short,3179.4,0.3738,1188.45972,0.513414,-0.513414
2025/11/14 22:42:08,ETH,Close Short,3189.2,0.3738,1192.12296,0.514997,-4.178237
2025/11/14 22:42:13,HYPE,Close Short,37.654,8.06,303.49124000000006,0.131108,-3.32045
2025/11/14 22:45:06,BNB,Open Short,925.27,0.468,433.02636,0.187067,-0.187067
2025/11/14 22:48:08,SOL,Open Short,142.55,1.63,232.3565,0.100378,-0.100378
2025/11/14 23:03:08,ETH,Open Short,3178.7,0.2452,779.41724,0.336706,-0.336706
2025/11/14 23:30:05,SOL,Close Short,141.88,1.63,231.26439999999997,0.099906,0.992194
2025/11/14 23:42:11,SOL,Open Short,141.95,1.61,228.5395,0.098729,-0.098729
2025/11/14 23:45:06,ETH,Close Short,3202.4,0.2452,785.22848,0.339218,-6.1504579999999995
2025/11/14 23:47:55,BNB,Close Short,930.37,0.468,435.41316,0.188098,-2.574898
2025/11/14 23:51:06,XRP,Open Short,2.3265,96,223.344,0.096484,-0.096484
2025/11/15 00:09:00,XRP,Close Short,2.3036,96,221.1456,0.095534,2.102866
2025/11/15 00:30:21,ETH,Open Short,3237.7,0.3657,1184.02689,0.511498,-0.511498
2025/11/15 01:24:26,DOGE,Open Short,0.16345,1,0.16345,0.00007,-0.00007
2025/11/15 01:51:00,SOL,Close Short,141.06,1.61,227.10660000000001,0.09811,1.3347900000000001
2025/11/15 02:15:04,DOGE,Close Short,0.16315,1,0.16315,0.00007,0.00022999999999999998
2025/11/15 02:57:05,XRP,Open Short,2.2885,102,233.427,0.10084,-0.10084
2025/11/15 03:27:02,ETH,Close Short,3209.6,0.3657,1173.75072,0.507059,9.765957
2025/11/15 03:27:05,BNB,Open Short,931.09,0.469,436.68120999999996,0.188645,-0.188645
2025/11/15 03:30:07,XRP,Close Short,2.3119,102,235.81380000000001,0.101871,-2.488671
2025/11/15 03:45:06,ETH,Open Short,3188.4,0.3184,1015.1865600000001,0.43856,-0.43856
2025/11/15 03:59:57,ETH,Close Short,3208.5,0.3184,1021.5864,0.441325,-6.841165
2025/11/15 04:51:06,ETH,Open Short,3130.5,0.3131,980.15955,0.423428,-0.423428
2025/11/15 05:06:04,ETH,Close Short,3150.7906739061,0.3131,986.5125599999999,0.426173,-6.779183000000001
2025/11/15 05:06:06,BNB,Close Short,924.63,0.469,433.65146999999996,0.187337,2.842403
2025/11/15 05:09:01,ETH,Open Long,3164.2,0.0705,223.07609999999997,0.096368,-0.096368
2025/11/15 05:45:02,ETH,Close Long,3170,0.0705,223.48499999999999,0.096545,0.312355
2025/11/15 06:15:05,ETH,Open Short,3145.9,0.4432,1394.26288,0.602321,-0.602321
2025/11/15 06:36:00,ETH,Close Short,3174.2572202166,0.4432,1406.8307999999972,0.60775,-13.17567
2025/11/15 06:42:03,ETH,Open Short,3170.1,0.1256,398.16455999999994,0.172007,-0.172007
2025/11/15 07:38:58,ETH,Close Short,3121.4,0.1256,392.04783999999995,0.169364,5.947356
2025/11/15 07:42:05,ETH,Open Short,3119.5380239521,0.4342,1354.5034100000018,0.585143,-0.585143
2025/11/15 07:46:05,ETH,Close Short,3128.1,0.4342,1358.22102,0.586751,-4.307845
2025/11/15 08:00:09,BNB,Open Short,915.05,0.436,398.9618,0.172351,-0.172351
2025/11/15 08:23:58,BNB,Close Short,925.44,0.436,403.49184,0.174308,-4.7043479999999995
2025/11/15 08:30:05,ETH,Open Long,3145.5,0.4149,1305.0679499999999,0.563789,-0.563789
2025/11/15 08:33:02,ETH,Close Long,3133.7384671005,0.4149,1300.1880899999976,0.561679,-5.438826
2025/11/15 08:39:02,ETH,Open Short,3128.1,0.4079,1275.95199,0.551211,-0.551211
2025/11/15 08:59:55,ETH,Close Short,3141.8,0.4079,1281.54022,0.553625,-6.1418550000000005
2025/11/15 09:02:58,ETH,Open Short,3132.3,0.3966,1242.2701800000002,0.53666,-0.53666
2025/11/15 09:15:42,ETH,Close Short,3151.2,0.3966,1249.76592,0.539898,-8.035637999999999
2025/11/15 09:24:00,ETH,Open Short,3147.2,0.381,1199.0832,0.518003,-0.518003
2025/11/15 09:56:57,ETH,Close Short,3172,0.381,1208.532,0.522085,-9.970885
2025/11/15 10:03:00,ETH,Open Short,3168.2,0.3621,1147.2052199999998,0.495592,-0.495592
2025/11/15 12:05:59,ETH,Close Short,3179.3,0.3621,1151.22453,0.497328,-4.516638
2025/11/15 12:09:01,HYPE,Open Short,38.533,7.79,300.17207,0.129674,-0.129674
2025/11/15 13:00:04,BNB,Open Short,927.77,0.194,179.98738,0.077754,-0.077754
2025/11/15 13:09:01,ETH,Open Short,3170.4,0.2025,642.0060000000001,0.277346,-0.277346
2025/11/15 13:27:02,HYPE,Close Short,38.576690629,7.79,300.51241999991,0.12982,-0.470849
2025/11/15 13:51:05,SOL,Open Short,142.89,1.24,177.18359999999998,0.076543,-0.076543
2025/11/15 13:54:01,ETH,Close Short,3182.1,0.2025,644.37525,0.27837,-2.64762
2025/11/15 13:54:03,SOL,Close Short,142.94,1.24,177.2456,0.07657,-0.13857
2025/11/15 13:54:06,BNB,Close Short,931.87,0.194,180.78278,0.078098,-0.873498
2025/11/15 14:00:05,DOGE,Open Short,0.16319,1078,175.91882,0.075996,-0.075996
2025/11/15 14:45:04,ETH,Open Long,3170.3,0.2911,922.8743300000001,0.398681,-0.398681
2025/11/15 15:05:55,ETH,Close Long,3173.9,0.2911,923.9222900000001,0.399134,0.648826
2025/11/15 15:12:02,ETH,Open Long,3180.3,0.2906,924.1951800000002,0.399252,-0.399252
2025/11/15 15:35:56,DOGE,Close Short,0.16316,1078,175.88648,0.075982,-0.04364199999999999
2025/11/15 15:38:55,ETH,Close Long,3177.1,0.2906,923.26526,0.39885,-1.32877
2025/11/15 15:45:01,ETH,Open Short,3174.1,0.3437,1090.93817,0.471285,-0.471285
2025/11/15 16:41:57,ETH,Close Short,3161.6,0.3437,1086.64192,0.469429,3.826821
2025/11/15 16:56:58,ETH,Open Short,3141.6155778894,0.0796,250.07259999999624,0.10803,-0.10803
2025/11/15 17:06:00,SOL,Open Short,140.79,1.26,177.3954,0.076634,-0.076634
2025/11/15 17:11:03,ETH,Close Short,3155.3633165829,0.0796,251.16691999999887,0.108503,-1.203267
2025/11/15 18:06:02,BNB,Open Short,932.93,0.353,329.32428999999996,0.142268,-0.142268
2025/11/15 18:24:05,BNB,Close Short,935.41,0.353,330.19973,0.142646,-1.018086
2025/11/15 18:45:03,ETH,Open Short,3168.2,0.2897,917.82754,0.396501,-0.396501
2025/11/15 20:53:58,ETH,Close Short,3163.2,0.2897,916.37904,0.395875,1.052625
2025/11/15 20:54:01,SOL,Close Short,140.7082539683,1.26,177.292400000058,0.07659,0.02640999999999999
2025/11/15 20:57:03,ADA,Open Short,0.50559,494,249.76146,0.107896,-0.107896
2025/11/15 21:30:06,SOL,Open Short,141.76,1.23,174.36479999999997,0.075325,-0.075325
2025/11/15 21:30:11,ETH,Open Short,3178.7,0.2116,672.61292,0.290568,-0.290568
2025/11/15 21:33:03,ADA,Close Short,0.50763,494,250.76922000000002,0.108332,-1.116092
2025/11/16 00:38:59,SOL,Close Short,141.43,1.23,173.9589,0.07515,0.33075
2025/11/16 01:06:05,ETH,Close Short,3192.5,0.2116,675.533,0.29183,-3.21191
2025/11/16 01:24:00,ETH,Open Long,3216.2,0.3347,1076.4621399999999,0.465031,-0.465031
2025/11/16 01:29:57,ETH,Close Long,3200.3,0.3347,1071.14041,0.462732,-5.7844619999999995
2025/11/16 01:36:02,HYPE,Open Long,38.832,6.44,250.07808000000003,0.108033,-0.108033
2025/11/16 01:47:59,HYPE,Close Long,38.762,6.44,249.62728,0.107838,-0.558638
2025/11/16 01:54:04,ETH,Open Short,3215,0.324,1041.66,0.449997,-0.449997
2025/11/16 03:36:02,ETH,Close Short,3198.6,0.324,1036.3464,0.447701,4.865899
2025/11/16 03:42:01,ETH,Open Short,3201.1,0.3324,1064.0456399999998,0.459667,-0.459667
2025/11/16 08:20:01,ETH,Close Short,3150.1,0.3324,1047.09324,0.452344,16.500056
2025/11/16 08:21:03,ETH,Open Short,3151.4,0.3632,1144.5884800000001,0.494461,-0.494461
2025/11/16 08:56:57,ETH,Close Short,3161.1,0.3632,1148.11152,0.495984,-4.019024
2025/11/16 09:03:01,ETH,Open Short,3143.6,0.0796,250.23056,0.108099,-0.108099
2025/11/16 09:36:01,BNB,Open Long,924.53,0.193,178.43429,0.077083,-0.077083
2025/11/16 09:47:59,BNB,Close Long,922.45,0.193,178.03285000000002,0.07691,-0.47835000000000005
2025/11/16 10:24:05,ETH,Close Short,3167.1,0.0796,252.10116,0.108907,-1.9795070000000001
2025/11/16 10:26:59,ETH,Open Long,3167.6,0.35,1108.6599999999999,0.478941,-0.478941
2025/11/16 10:48:02,ETH,Close Long,3198.7,0.35,1119.5449999999998,0.483643,10.401356999999999
2025/11/16 10:50:58,DOGE,Open Short,0.1633,1133,185.0189,0.079928,-0.079928
2025/11/16 10:54:05,ETH,Open Short,3199.2,0.3038,971.91696,0.419868,-0.419868
2025/11/16 12:20:59,DOGE,Close Short,0.16354,1133,185.29082,0.080045,-0.351965
2025/11/16 12:57:02,ETH,Close Short,3194.6,0.3038,970.51948,0.419264,0.978216
2025/11/16 13:03:00,SOL,Open Short,141.5831132075,2.12,300.1561999999,0.129665,-0.129665
2025/11/16 14:12:05,XRP,Open Short,2.2663,82,185.8366,0.080281,-0.080281
2025/11/16 14:57:02,BNB,Open Long,943.01,0.196,184.82996,0.079846,-0.079846
2025/11/16 14:59:57,XRP,Close Short,2.2602,82,185.33640000000003,0.080065,0.420135
2025/11/16 15:08:58,BNB,Close Long,941.89,0.196,184.61044,0.079751,-0.299271
2025/11/16 15:59:56,SOL,Close Short,142.26,2.12,301.5912,0.130287,-1.565315
2025/11/16 16:12:07,ETH,Open Short,3213.2,0.0716,230.06511999999998,0.099388,-0.099388
2025/11/16 17:06:04,SOL,Open Short,141.4,1.3,183.82000000000002,0.079409,-0.079409
2025/11/16 17:50:44,ETH,Close Short,3226.4694134078,0.0716,231.01520999999846,0.099798,-1.049888
2025/11/16 19:48:05,BNB,Open Short,932.8990862944,0.197,183.7811199999968,0.079393,-0.079393
2025/11/16 20:33:04,ETH,Open Short,3165,0.2455,777.0074999999999,0.335667,-0.335667
2025/11/16 21:12:00,BNB,Close Short,932.82,0.197,183.76554000000002,0.079386,-0.06382299999999999
2025/11/16 21:30:15,BNB,Open Short,929.51,0.197,183.11347,0.079105,-0.079105
2025/11/16 22:06:03,SOL,Close Short,139.76,1.3,181.688,0.078489,2.0535110000000003
2025/11/16 22:18:01,XRP,Open Short,2.2113,84,185.7492,0.080243,-0.080243
2025/11/16 22:27:02,BNB,Close Short,931.7,0.197,183.5449,0.079291,-0.510721
2025/11/16 22:42:05,BNB,Open Short,937.54,0.2,187.508,0.081003,-0.081003
2025/11/16 22:45:02,XRP,Close Short,2.2281,84,187.1604,0.080853,-1.492053
2025/11/16 22:45:05,SOL,Open Short,140.67,1.27,178.65089999999998,0.077177,-0.077177
2025/11/16 23:30:00,SOL,Close Short,139.71,1.27,177.4317,0.07665,1.14255
2025/11/16 23:30:06,BNB,Close Short,932.39,0.2,186.478,0.080558,0.949442
2025/11/16 23:33:02,SOL,Open Long,139.44,1.32,184.0608,0.079513,-0.079513
2025/11/16 23:36:04,SOL,Close Long,139.59,1.32,184.2588,0.079599,0.118401
2025/11/16 23:39:04,SOL,Open Long,139.67,1.31,182.96769999999998,0.079042,-0.079042
2025/11/16 23:44:59,SOL,Close Long,139.53,1.31,182.7843,0.078962,-0.262362
2025/11/16 23:53:59,ETH,Close Short,3148.4,0.2455,772.9322,0.333906,3.7413940000000006
2025/11/16 23:56:58,ETH,Open Short,3122.2,0.0801,250.08822,0.108038,-0.108038
2025/11/17 00:45:09,ETH,Close Short,3071.9,0.0801,246.05919000000003,0.106297,3.9227329999999996
2025/11/17 00:48:10,ETH,Open Short,3069.8,0.0882,270.75636000000003,0.116966,-0.116966
2025/11/17 01:36:04,ETH,Close Short,3060.1,0.0882,269.90082,0.116597,0.7389429999999999
2025/11/17 01:39:08,ETH,Open Short,3059.6,0.3892,1190.79632,0.514424,-0.514424
2025/11/17 01:59:25,ETH,Close Short,3083.5,0.3892,1200.0982,0.518442,-9.820322
2025/11/17 02:00:03,ADA,Open Short,0.48061,379,182.15118999999999,0.078689,-0.078689
2025/11/17 02:18:10,ADA,Close Short,0.48863,379,185.19077000000001,0.080002,-3.119582
2025/11/17 02:33:06,ETH,Open Short,3086.2,0.3638,1122.75956,0.485032,-0.485032
2025/11/17 03:20:57,ETH,Close Short,3102.4,0.3638,1128.6531200000002,0.487578,-6.381138
2025/11/17 03:36:00,XRP,Open Short,2.2203,78,173.1834,0.074815,-0.074815
2025/11/17 03:42:02,ETH,Open Short,3096.2264317181,0.2951,913.6964200000111,0.394714,-0.394714
2025/11/17 04:41:57,XRP,Close Short,2.2161,78,172.8558,0.074673,0.252927
2025/11/17 06:06:00,XRP,Open Short,2.1807,79,172.2753,0.074422,-0.074422
2025/11/17 06:29:57,XRP,Close Short,2.1972,79,173.5788,0.074986,-1.378486
2025/11/17 06:56:54,ETH,Close Short,3097.7,0.2951,914.1312699999999,0.394903,-0.831651
2025/11/17 07:02:59,ETH,Open Short,3017.3,0.0568,171.38264,0.074037,-0.074037
2025/11/17 07:14:59,BNB,Open Long,920.8,0.271,249.5368,0.107799,-0.107799
2025/11/17 07:23:56,ETH,Close Short,3081.1,0.0568,175.00648,0.075602,-3.699442
2025/11/17 07:44:56,BNB,Close Long,927.68,0.271,251.40128,0.108605,1.7558749999999999
2025/11/17 08:05:59,DOGE,Open Long,0.1582,1081,171.01420000000002,0.073878,-0.073878
2025/11/17 08:22:09,DOGE,Close Long,0.157,1081,169.717,0.073317,-1.370517
2025/11/17 08:36:08,ETH,Open Short,3123.2,0.3385,1057.2032,0.456711,-0.456711
2025/11/17 09:35:57,ETH,Close Short,3139.4981093058,0.3385,1062.7201100000134,0.459093,-5.976003
2025/11/17 09:48:04,HYPE,Open Short,38.49,4.26,163.9674,0.070833,-0.070833
2025/11/17 09:54:01,ETH,Open Short,3120.7,0.2764,862.5614799999998,0.372626,-0.372626
2025/11/17 10:12:02,ETH,Close Short,3148.9515918958,0.2764,870.3702199999991,0.375999,-8.184739
2025/11/17 11:45:01,HYPE,Close Short,38.578,4.26,164.34228000000002,0.070995,-0.445875
2025/11/17 11:48:04,ETH,Open Short,3173.9,0.3091,981.05249,0.423814,-0.423814
2025/11/17 12:32:59,ETH,Close Short,3187.6,0.3091,985.28716,0.425644,-4.6603140000000005
2025/11/17 13:00:03,BNB,Open Short,932.63,0.164,152.95132,0.066074,-0.066074
2025/11/17 13:18:01,HYPE,Open Short,38.424,5.21,200.18904,0.086481,-0.086481
2025/11/17 13:24:01,SOL,Open Short,139.86,1.09,152.44740000000002,0.065857,-0.065857
2025/11/17 14:18:34,SOL,Close Short,141.52,1.09,154.25680000000003,0.066638,-1.8760379999999999
2025/11/17 15:15:00,HYPE,Close Short,38.574,5.21,200.97054,0.086819,-0.868319
2025/11/17 16:51:08,ETH,Open Short,3191.6,0.247,788.3252,0.340556,-0.340556
2025/11/17 17:03:15,BNB,Close Short,933.81,0.164,153.14484,0.066158,-0.25967799999999996
2025/11/17 17:21:10,DOGE,Open Short,0.16234,905,146.91770000000002,0.063468,-0.063468
2025/11/17 17:30:12,ETH,Close Short,3204.8,0.247,791.5856,0.341964,-3.602364
2025/11/17 17:45:12,DOGE,Close Short,0.16232,905,146.8996,0.06346,-0.04536
2025/11/17 17:48:01,HYPE,Open Long,38.847,5.15,200.06205000000003,0.086426,-0.086426
2025/11/17 17:57:08,ETH,Open Short,3195.8,0.2251,719.37458,0.310769,-0.310769
2025/11/17 18:42:16,HYPE,Close Long,38.755,5.15,199.58825000000002,0.086222,-0.560022
2025/11/17 18:54:05,ETH,Close Short,3200.1,0.2251,720.34251,0.311187,-1.2791169999999998
2025/11/17 19:02:59,ETH,Open Short,3194.9,0.2843,908.31007,0.392389,-0.392389
2025/11/17 19:33:51,ETH,Close Short,3220.2,0.2843,915.5028599999999,0.395497,-7.588286999999999
2025/11/17 19:36:09,ETH,Open Short,3217.2,0.27,868.644,0.375254,-0.375254
2025/11/17 21:21:08,ETH,Close Short,3165.7,0.27,854.739,0.369247,13.535753
2025/11/17 21:24:02,BNB,Open Long,925.22,0.162,149.88564,0.06475,-0.06475
2025/11/17 21:30:23,BNB,Close Long,923.37,0.162,149.58594,0.064621,-0.364321
2025/11/17 21:42:05,HYPE,Open Long,37.762,3.95,149.15990000000002,0.064437,-0.064437
2025/11/17 21:48:02,HYPE,Close Long,37.677,3.95,148.82415,0.064292,-0.400042
2025/11/17 21:51:06,ETH,Open Long,3105.3329166667,0.048,149.0559800000016,0.064391,-0.064391
2025/11/17 22:37:34,ETH,Close Long,3203.9,0.048,153.7872,0.066436,4.664923999999999
2025/11/17 22:42:07,XRP,Open Short,2.2799,88,200.6312,0.086672,-0.086672
2025/11/17 22:57:15,ETH,Open Short,3152.9,0.2387,752.59723,0.325122,-0.325122
2025/11/17 23:06:13,ETH,Close Short,3162.6,0.2387,754.91262,0.326122,-2.6415119999999996
2025/11/17 23:09:19,ETH,Open Short,3131.1,0.2357,738.00027,0.318816,-0.318816
2025/11/18 00:15:52,XRP,Close Short,2.1788,88,191.7344,0.082829,8.813971
2025/11/18 00:18:06,SOL,Open Short,133.89,1.25,167.36249999999998,0.0723,-0.0723
2025/11/18 00:39:06,ETH,Close Short,3101.9,0.2357,731.11783,0.315842,6.566598
2025/11/18 00:57:01,SOL,Close Short,135.9,1.25,169.875,0.073386,-2.5858860000000004
2025/11/18 01:00:09,DOGE,Open Short,0.16074,997,160.25778,0.069231,-0.069231
2025/11/18 01:03:03,SOL,Open Short,135.61,1.18,160.0198,0.069128,-0.069128
2025/11/18 01:18:00,DOGE,Close Short,0.15919,997,158.71243,0.068563,1.476787
2025/11/18 01:18:04,ETH,Open Short,3109.8,0.2723,846.79854,0.365816,-0.365816
2025/11/18 03:32:50,ETH,Close Short,3000.1,0.2723,816.9272299999999,0.352912,29.518398
2025/11/18 03:39:04,SOL,Close Short,130.15,1.18,153.577,0.066345,6.376455
2025/11/18 03:39:07,BNB,Open Short,899.5,0.333,299.5335,0.129398,-0.129398
2025/11/18 03:45:08,ETH,Open Short,2986.6200199203,0.1004,299.8566499999981,0.129536,-0.129536
2025/11/18 04:17:58,ETH,Close Short,2991,0.1004,300.2964,0.129728,-0.56948
2025/11/18 04:27:00,BNB,Close Short,900.21,0.333,299.76993000000004,0.1295,-0.36593
2025/11/18 04:30:04,ETH,Open Short,2991.7,0.3939,1178.4306299999998,0.509082,-0.509082
2025/11/18 04:51:34,ETH,Close Short,3022.4,0.3939,1190.52336,0.514306,-12.607035999999999
2025/11/18 04:57:03,HYPE,Open Long,38.528,6.49,250.04672,0.10802,-0.10802
2025/11/18 05:15:02,HYPE,Close Long,38.646,6.49,250.81254,0.108351,0.657469
2025/11/18 05:24:03,ETH,Open Short,2999.1,0.3719,1115.36529,0.481837,-0.481837
2025/11/18 05:42:02,ETH,Close Short,3008.7,0.3719,1118.93553,0.48338,-4.0536200000000004
2025/11/18 05:45:01,SOL,Open Long,130.34,1.53,199.42020000000002,0.086149,-0.086149
2025/11/18 05:51:02,SOL,Close Long,130.22,1.53,199.2366,0.08607,-0.26967
2025/11/18 06:00:08,ETH,Open Short,3009.7,0.3625,1091.01625,0.471319,-0.471319
2025/11/18 06:44:58,ETH,Close Short,3032,0.3625,1099.1,0.474811,-8.558561000000001
2025/11/18 06:51:00,ETH,Open Short,3024.9,0.0553,167.27697,0.072263,-0.072263
2025/11/18 07:48:08,HYPE,Open Long,38.891,4.3,167.23129999999998,0.072243,-0.072243
2025/11/18 07:57:00,ETH,Close Short,3029.6,0.0553,167.53688,0.072375,-0.33228499999999994
2025/11/18 08:20:57,HYPE,Close Long,39.228,4.3,168.6804,0.072869,1.376231
2025/11/18 08:24:00,BNB,Open Short,910.9,0.346,315.17139999999995,0.136154,-0.136154
2025/11/18 08:45:04,ETH,Open Short,3000.5,0.2447,734.22235,0.317183,-0.317183
2025/11/18 09:09:00,ETH,Close Short,3045.7,0.2447,745.28279,0.321961,-11.382401
2025/11/18 09:24:01,BNB,Close Short,916.65,0.346,317.16089999999997,0.137013,-2.126513
2025/11/18 09:27:03,ETH,Open Short,3026.2,0.3236,979.2783199999999,0.423048,-0.423048
2025/11/18 10:29:59,ETH,Close Short,3038.7441903585,0.3236,983.3376200000106,0.4248,-4.484100000000001
2025/11/18 10:39:03,SOL,Open Long,133.56,1.87,249.7572,0.107895,-0.107895
2025/11/18 11:00:06,SOL,Close Long,132.24,1.87,247.28880000000004,0.106828,-2.575228
2025/11/18 11:06:07,ETH,Open Short,2976.4,0.3167,942.6258799999999,0.407214,-0.407214
2025/11/18 11:39:21,ETH,Close Short,3011.4,0.3167,953.71038,0.412002,-11.496502
2025/11/18 11:42:07,ADA,Open Short,0.46836,426,199.52136,0.086193,-0.086193
2025/11/18 12:15:05,ETH,Open Short,2999.9,0.2274,682.17726,0.2947,-0.2947
2025/11/18 13:18:00,ETH,Close Short,3018.8,0.2274,686.4751200000001,0.296557,-4.594417
2025/11/18 13:33:04,ETH,Open Long,3018.2,0.2178,657.3639599999999,0.283981,-0.283981
2025/11/18 13:42:02,ETH,Close Long,3008.9,0.2178,655.33842,0.283106,-2.308646
2025/11/18 13:45:03,XRP,Open Short,2.1581,63,135.96030000000002,0.058734,-0.058734
2025/11/18 14:06:04,ETH,Open Short,3009.7,0.169,508.6393,0.219732,-0.219732
2025/11/18 14:27:06,XRP,Close Short,2.1603,63,136.0989,0.058794,-0.19739400000000001
2025/11/18 14:36:02,ADA,Close Short,0.4614,426,196.5564,0.084912,2.880048
2025/11/18 15:34:12,ETH,Close Short,3020.6814201183,0.169,510.4951599999928,0.220531,-2.076391
2025/11/18 15:36:05,ETH,Open Long,3027.8,0.2791,845.0589800000001,0.365065,-0.365065
2025/11/18 15:39:02,ETH,Close Long,3030.4,0.2791,845.7846400000001,0.365378,0.360282
2025/11/18 15:45:07,ETH,Open Short,3028.2,0.2797,846.98754,0.365898,-0.365898
2025/11/18 16:01:58,ETH,Close Short,3035.3,0.2797,848.9734100000001,0.366756,-2.352626
2025/11/18 16:06:01,HYPE,Open Long,40.465,4.94,199.89710000000002,0.086355,-0.086355
2025/11/18 16:18:11,HYPE,Close Long,41.131,4.94,203.18714000000003,0.087776,3.202264
2025/11/18 16:33:04,ETH,Open Short,3043.2,0.2789,848.7484799999999,0.366659,-0.366659
2025/11/18 16:54:13,DOGE,Open Short,0.15705,1,0.15705,0.000067,-0.000067
2025/11/18 16:57:08,ETH,Close Short,3064,0.2789,854.5495999999999,0.369165,-6.170285
2025/11/18 17:06:09,HYPE,Open Short,40.9,3.2,130.88,0.05654,-0.05654
2025/11/18 17:21:19,SOL,Open Short,137.08,0.95,130.226,0.056257,-0.056257
2025/11/18 17:24:18,HYPE,Close Short,40.971,3.2,131.1072,0.056638,-0.28383800000000003
2025/11/18 17:24:21,ETH,Open Short,3041.6,0.225,684.36,0.295643,-0.295643
2025/11/18 17:36:27,DOGE,Close Short,0.15666,1,0.15666,0.000067,0.000323
2025/11/18 20:42:11,SOL,Close Short,138.49,0.95,131.56550000000001,0.056836,-1.3963359999999998
2025/11/18 20:45:06,ETH,Close Short,3066.6853777778,0.225,690.0042100000051,0.29808,-5.94229
2025/11/18 20:48:10,ETH,Open Short,3062.1,0.2534,775.93614,0.335204,-0.335204
2025/11/18 22:28:03,ETH,Close Short,3068.3317679558,0.2534,777.5152699999998,0.335885,-1.915015
2025/11/18 22:30:02,HYPE,Open Short,39.717,3.07,121.93118999999999,0.052674,-0.052674
2025/11/18 22:33:06,ETH,Open Short,3081.3,0.2088,643.37544,0.277938,-0.277938
2025/11/18 22:39:04,ETH,Close Short,3079.3,0.2088,642.95784,0.277757,0.13984300000000005
2025/11/18 23:12:00,HYPE,Close Short,38.576,3.07,118.42832,0.05116,3.4517100000000003
2025/11/18 23:21:03,ADA,Open Short,0.47189,498,235.00122,0.10152,-0.10152
2025/11/18 23:39:07,SOL,Open Long,141.18,0.88,124.23840000000001,0.05367,-0.05367
2025/11/18 23:39:12,ETH,Open Long,3111.4,0.1356,421.90584,0.182263,-0.182263
2025/11/18 23:42:04,ADA,Close Short,0.47528,498,236.68944,0.102249,-1.790469
2025/11/19 00:06:01,SOL,Close Long,138.86,0.88,122.19680000000001,0.052789,-2.094389
2025/11/19 00:15:05,ETH,Close Long,3123.5,0.1356,423.5466,0.182972,1.457788
2025/11/19 00:24:05,HYPE,Open Long,39.436,3.12,123.04032000000001,0.053153,-0.053153
2025/11/19 00:33:14,BNB,Open Short,937.21,0.245,229.61645000000001,0.099194,-0.099194
2025/11/19 00:39:09,HYPE,Close Long,39.115,3.12,122.03880000000001,0.05272,-1.05424
2025/11/19 01:15:06,ETH,Open Short,3141,0.1692,531.4572,0.229589,-0.229589
2025/11/19 01:20:59,ETH,Close Short,3151,0.1692,533.1492,0.23032,-1.92232
2025/11/19 02:03:04,BNB,Close Short,934.57,0.245,228.96965,0.098914,0.5478860000000001
2025/11/19 02:05:59,BNB,Open Long,936.11,0.241,225.60251,0.09746,-0.09746
2025/11/19 02:57:03,ETH,Open Long,3163.4,0.1668,527.65512,0.227947,-0.227947
2025/11/19 03:21:03,BNB,Close Long,937.9,0.241,226.0339,0.097646,0.333744
2025/11/19 03:38:56,ETH,Close Long,3152.8,0.1668,525.8870400000001,0.227183,-1.995263
2025/11/19 03:45:02,ETH,Open Long,3147.7,0.2362,743.4867399999999,0.321186,-0.321186
2025/11/19 03:50:55,ETH,Close Long,3144,0.2362,742.6128,0.320808,-1.1947480000000001
2025/11/19 03:54:01,ETH,Open Short,3142.9,0.2342,736.06718,0.317981,-0.317981
2025/11/19 05:35:58,ETH,Close Short,3110.6,0.2342,728.50252,0.314713,7.249947
2025/11/19 05:38:58,ETH,Open Short,3109.9,0.0743,231.06557,0.09982,-0.09982
2025/11/19 06:32:58,ADA,Open Short,0.47893,255,122.12715,0.052758,-0.052758
2025/11/19 06:36:00,SOL,Open Short,141.69,0.86,121.8534,0.05264,-0.05264
2025/11/19 07:30:01,ADA,Close Short,0.4746,255,121.02300000000001,0.052281,1.051869
2025/11/19 07:59:57,ETH,Close Short,3124.8,0.0743,232.17264000000003,0.100298,-1.207368
2025/11/19 08:00:03,BNB,Open Short,932.97,0.249,232.30953,0.100357,-0.100357
2025/11/19 08:06:02,ETH,Open Short,3105.3,0.1337,415.17861000000005,0.179357,-0.179357
2025/11/19 08:53:59,SOL,Close Short,141.37,0.86,121.5782,0.052521,0.22267900000000002
2025/11/19 09:15:00,SOL,Open Short,140.23,0.87,122.00009999999999,0.052704,-0.052704
2025/11/19 09:21:39,SOL,Close Short,141.53,0.87,123.1311,0.053191,-1.184191
2025/11/19 09:35:59,SOL,Open Short,140.62,0.82,115.30839999999999,0.049813,-0.049813
2025/11/19 09:45:02,BNB,Close Short,935.89,0.249,233.03661,0.100671,-0.8277509999999999
2025/11/19 09:53:56,ETH,Close Short,3105.6,0.1337,415.21872,0.179374,-0.219484
2025/11/19 10:42:04,BNB,Open Long,939.88,0.159,149.44092,0.064558,-0.064558
2025/11/19 11:00:38,ETH,Open Long,3112.4,0.1583,492.69292,0.212843,-0.212843
2025/11/19 11:03:04,SOL,Close Short,142.16,0.82,116.57119999999999,0.050358,-1.3131579999999998
2025/11/19 11:14:56,ETH,Close Long,3107.7,0.1583,491.94890999999996,0.212521,-0.9565309999999999
2025/11/19 11:29:55,BNB,Close Long,934.65,0.159,148.60935,0.064199,-0.895769
2025/11/19 11:32:56,ETH,Open Long,3087.8,0.2396,739.8368800000001,0.319609,-0.319609
2025/11/19 11:38:55,ETH,Close Long,3075.4,0.2396,736.86584,0.318326,-3.289366
2025/11/19 11:41:57,ETH,Open Short,3079.1,0.2345,722.04895,0.311925,-0.311925
2025/11/19 13:38:55,ETH,Close Short,3005.7,0.2345,704.83665,0.304489,16.907811
2025/11/19 13:41:56,ETH,Open Short,2997.1,0.2679,802.92309,0.346862,-0.346862
2025/11/19 14:00:08,ETH,Close Short,3015.2,0.2679,807.7720800000001,0.348957,-5.197947
2025/11/19 14:18:08,ETH,Open Short,3030.8,0.2565,777.4002,0.335836,-0.335836